Name,Translation
गणपतराम,ganpatram
सूरजभान,surajbhan
ज्ञानु,gyanu
नन्हे,nanhe
अलीजान,alijan
लक्ष्मी,lakshmi
सौरव,sourav
मरियम,maryam
कन्या,kanya
करीशन,karishan
मंजीव,manjiv
ईशान,ishaan
जोया,joyaa
मोहन,mohan
दवेन्द्र,davender
मितलेश,mitlesh
वीजिता,veejita
जाहिद,jahid
सीता,sita
विकाश,vikash
निबो,nibo
हरणा,harana
रजनीश,rajnish
नूरजामा,noorjama
नीलाद्रि,niladri
साहानज,sahanaj
प्यारे,pyare
सोहनपाल,sohanpal
गुलजार,guljar
हेमवंती,hemavanti
भनोट,bhanot
कीमत,kimat
आराधना,aradhana
लोकेन्द्र,lokender
सजरुद्दीन,sajruddin
दुर्ग,durg
दीलीप,deelip
मोतोलाल,motolal
चन्नू,channu
तीना,teena
नाथिया,nathiya
बैबी,babby
पर्तिमा,partima
आरिफा,arifa
नीतम,nitam
मेना,mena
जलसिंह,jalsingh
ईमा,iema
शाहीन,shahin
माया,maya
परीति,pareeti
आर्जिना,arjina
सतनाम,satnam
फरहा,farha
ज्ञात्री,gytri
बलवीर,balveer
सहजल,sehjal
आनंदी,anandi
महबूब,mahboob
संतु,santu
प्रिंक्या,prinkya
शिलाप,shilap
एका,eka
मुखर्जी,mukherjee
रहमान,rehman
सुमेंदर,sumender
चरण,chran
आसगर,asagar
सुहालिया,suhaliya
सुखविन्दर,sukhvinder
जसवीर,jasveer
सुकुमार,sukumar
तारीक,tariq
डोरीलाल,dorilal
पायल,payal
प्रभजीत,prabhjeet
बाबालु,babalu
वीपिंचंद,veepinchand
कैलाशी,kailashi
जयकुमार,jaykumar
सान्वी,sanvi
लिलाकी,lilaki
अभिनव,abhinav
मलकीत,malkeet
गंधर,gandhar
ह्रितिक,hrithik
सरल,saral
अभिनाश,abhinash
बिनपाल,binpal
शबीना,shabina
केशवे,keshave
आमिर,aamir
सुशैल,sushail
रजनीकांत,rajinikanth
गुरुबक्ष,gurubaksh
हुसैनप्रीत,husainpreet
चंदकोर,chandkor
विनीता,vineeta
सानू,saanu
दयाल,dayal
निष्ठा,nishtha
लक्षय,lakshay
मीला,meela
सरकार,sarkar
नीहा,neaha
प्र्यंका,pryanka
रत्तन,rattan
सार्थक,sarthak
रामराती,ramrati
नैतिक,naitik
रिंकल,rinkal
अलताफ,altaf
शिवराम,shivram
सुदेश,sudesh
अमरजीत,amrjeet
सुनेता,suneta
कलान,kalan
भोपाल,bhopal
जगदीश,jagadish
आरव,aarav
प्रणिता,pranita
रागिनी,ragini
श्रावणी,shravani
बंदना,bandana
सुभेष,subesh
पारशु,parashu
रिचा,richa
बेचन,bechan
योशोदा,yoshoda
एल्ड्रो,eldro
दर्शना,darshna
बलीराम,baliram
प्रिजु,priju
सुद्मा,sudma
श्याम,shyam
गुल्फ़सल,gulfsal
युवान,yuvan
रामभजन,rambhajan
नगमा,nagma
कृष्मा,krishma
आस्तो,aasto
अभिसेख,abhisekh
प्रीषा,prisha
दीक्षा,deeksha
सफली,safali
बीरू,beeru
शिबू,shibu
चित्रो,chitro
निरुत्मा,nirutma
महविश,mahvish
प्रीती,prity
विपेन्द्र,vipendra
शागुन,shagun
मुनबुरा,munbura
सहबूब,sehboob
अंजा,anja
खीमा,khima
वरिषा,varisha
संदीप,sandip
वीरभान,veerbhan
रोशनारा,roshanara
बीर,bir
चम्मा,chama
रीता,reeta
नफीसा,nafeesa
इक़रार,iqarar
युधबीर,yudhbir
प्रयातन,prayatan
हासिर,hasir
आचिन,achin
शिशुल,shishul
उगन्ता,uganta
जमील,jamil
राममूर्ति,rammurti
गलिया,galiya
संसद,samsad
गुड्डू,guddu
राहिल,rahil
सिफा,sifa
सोन्यी,sonyi
मुस्कान,muskan
वर्मा,verma
धालचंद,dhalchand
निरोषा,nirosha
सोयम,soyam
आश्सिश,ashsish
घन्स्याम,ghansyam
पत्रस,patras
अमनजीत,amanjeet
सहदेव,sahdev
अंजली,anjli
अयूब,ayube
हेमलि,hemali
धृति,dhriti
शुगर,sugar
उमेशा,umesha
जिया,jiya
किर्पा,kirpa
ननवीत,nanveet
आलोक,al0k
निराज,niraj
मातुल,matul
नंदराम,nandram
सोबित,sobit
प्रेमला,premla
मोहिनुद्दीन,mohinuddin
संध्या,sandhaya
हरविंदर,harvinder
राघव,raghav
मोहम्मद,mohmmad
अमेरिका,amrika
शाकिर,shakir
जादू,jadu
शुष्री,shushree
प्रणव,pranav
अक्तारी,akthari
सीशपाल,sishpal
शरंजीत,sharanjeet
बृजलाल,brijlal
सर्वेश,sarves
आनिक,aanik
सहजा,sahaja
ईशिता,ishita
रिक्केंची,rikkenchi
चंदेर,chander
जयप्रकेश,jaiprkesh
झोरा,jhora
शोभा,shobha
नुरसा,nursa
केदारमल,kedarmal
नवजात,navjat
दया,daya
आलमा,alma
अमरीन,amreen
छवि,chhavi
ओली,oli
उम्लेश,umlesh
सबीना,sabeena
हाशरत,hashrat
अमीना,amina
रूपनारायण,roopnarayan
संजना,snjana
बलकिशन,balkishan
कृष्णल,krishnal
वैष्णवी,vaishnavi
हरिनाथ,harinath
प्रीतिभा,pritibha
अरीन,areen
नबीला,nabila
सरजु,sarju
रघुनंदन,raghunandan
कम्ता,kamta
बनिया,baniya
बदनाथ,badnath
प्रतीक,prateek
रॉकी,rocky
गुरदर्शन,gurdarshan
अन्बु,anbu
खुभू,khubhu
कंचन,kanchan
अनुपमा,anupama
माही,maahi
सुभाग्य,subhagya
बिन्नू,binnu
घनश्याम,ghanshyam
समयद्दीन,samayddin
धुरव,dhurav
शोहन,shohan
कृषेन,krishen
नंकी,nanki
शौलाल,shaulal
धामिनी,dhamini
यश,yash
गीतांजली,gitanjali
पुल्कित,pulkit
अक्षपात,akshpaat
टुंडिराम,tundiram
चंद्रपाल,chanderpal
रामलखन,ramlakhan
रिम्पी,rimpy
श्योराम,shyoram
बैदनाथ,baidnath
ताजिंदेर,tajinder
वासुदेव,vasudev
मेनाक्षी,menakshi
माला,mala
गोमती,gomti
रामावतार,ramavtar
उपेंद्र,upendra
बिंतु,bintu
विक्षी,vikshi
साकिला,sakila
सावन,savan
तौफीक,taufik
सविहा,saviha
मौसमी,mosmi
कदम,kadam
कुसुम,kusum
भातेरी,bhateri
महीनुदीन,mahinudin
येसपाल,yespal
आसिम,aasim
तार,taar
शंशक,shanshak
रेशमी,reshami
पूनम,poonam
मन्नूलाल,mannulal
रामबारोस,rambarose
सीतार,sitar
जगरति,jagrti
केली,keli
रामबाई,rambai
शकुन,shakun
प्रभाव,prabhav
सुचेता,sucheta
सुबानी,subani
आयशा,ayasha
मामिता,mamita
परमिला,parmila
प्रकाश,prakash
मालती,malti
शानवाज़,shanvaj
साइरा,saira
कुशाग्र,kushagra
संतरा,santra
शबानम,shabanm
जफ़र,jafar
मोहसीन,mhosin
कमलेश,kamlesh
अनया,anaya
हरिब,harib
अम्बिया,ambiya
जीवन,jeevan
मेनू,menu
सशिकला,sashikala
सायमा,sayma
मोनिका,monika
नीली,neeli
नवदीप,navdeep
रजुदी,rajudi
रासिद,rasid
अदिति,aditi
शमरीन,shamrin
समिया,samiya
अंजनी,anjani
लब्भी,labbhi
गौतम,gautam
गुलसन,gulsan
रूपम,rupam
इशरत,ishrat
सलमम,salmam
श्गिता,shgita
पींटू,peentu
वाशु,vashu
नवीन,navin
जाहिरुल,jahirul
क्रशना,krashna
अवनीत,avneet
गिरिजा,girja
चैन,chain
मस्त,mast
नदीम,nadeem
प्रशानत,prashanat
भवेश,bhavesh
रिति,riti
किरिति,kiriti
दुलार,dular
जाविद,javid
सफीना,safina
मेहिब,mehib
मामचंद,mamchand
शेश,sheish
बंटी,bunty
रुकसार,ruksaar
माटोक,matok
खुशबू,khushabu
धीरज,dheeraj
सुच्छा,succha
दीपेंद्र,deepender
संजय,sanjey
नानू,nanu
हरदास,hardass
आलिश,alish
मधुवन,madhavan
अर्जुन,arjun
शुकवीर,shukveer
हेमा,hema
अरमान,armaan
पारा,para
गुरुसिमरन,gursimaran
अजमेरी,ajmeri
चंदू,chandu
जहगीर,jahgeer
प्रिया,priya
मोहम्मद,mohmed
सेवक,sevak
मार्टी,marti
वेदिका,vedika
गांधी,gandhi
मदन,madan
कमरुद्दीन,qamaruddin
करनसिंह,karansingh
सुरिंद्र,surindera
कुशुम,kushum
ओबेरॉय,oberoi
पारसी,parsi
लडकुंवर,ladakunvar
मुनेश,munesh
भलाराम,bhalaram
यज्ञिक,yagnik
आसीश,asish
रिंकू,rinkoo
गुरुप्रीत,gurpreet
अनिमेष,animesh
महक,mahak
चित्रांगन,chitrangan
इश,ish
आलिम,alim
चटरपाल,chaterpal
नव्या,navya
तोहसीम,tohseeem
भीमा,bhima
रगिना,ragina
अम्बिका,ambika
डालीप,dalip
रंटेश,rantesh
रूसन,rusan
जमाल,jamal
कुलविंदर,kulvinder
जमीर,jameer
सुहस्मिता,suhsmita
शबनुर,shabnur
अमृत,amrta
एशान,eshan
गंगाराम,gangaram
वेर्सा,versa
सवीरों,saveroon
केवल,keval
शिल,shil
पुलिता,pulita
लुक्कड़,lukkad
सुभम,subham
अरविंदर,arvinder
आकाश,aakas
सुशीला,sushela
शकुना,shakuna
होम,hom
कायूम,kayum
जन्वी,janvi
बाबुद्दीन,babuddin
बाहरत,bahrat
नाजो,najo
मंशी,manshi
नीमा,neema
अशुतोष,ashutosh
राकीबा,rakeeba
कामरुदीन,kamrudeen
रामसागर,ramsagar
परवीना,parveena
रखा,rakha
चप्पला,chappla
सत्यम,satyam
प्रतिक,pratik
दमा,dama
सलमान,salmaan
पार्सनाथ,parsnath
शमशीना,shamshina
सजिया,sajia
सुभाकर,subhakar
मिसेज,mrs
रुस्तम,rustam
कौशिक,kaushik
आवी,avi
तुलकी,tulki
अनूप,anoop
रामभूल,rambhul
निधि,nidhi
सिधार्थ,sidharth
सय्यद,syed
हरबिंदर,harbinder
रीमी,reemi
आजीव,aajiv
विदुर,bidur
भेमजी,bhemji
मन्नी,manni
मुनिया,munia
साद,saad
कोशल,koshal
बब्लू,babloo
शरत,sharat
रामवीर,ramvir
रेजौल,rejaul
जीतेंद्र,jitendra
भार्गव,bhargava
अब्बास,abbas
शारधा,shardha
नफीसा,nafisa
मुंतजर,muntjar
लक्ष्मण,lakshman
गुलाब,gulab
आसगरी,asgari
हलीमा,halima
चोरग,chorag
बाबुद्दीन,babudden
बिंदु,bindu
रूपसिंह,roopsingh
रणजय,ranjay
निहालचंद,nihalchand
सहनाज,sehnaj
आबिद,abid
रोजी,roji
नेहा,neha
मिथलेश,mithlesh
परेरना,parerna
सुनेना,sunena
राजेन्द्र,rajendra
तुलसा,tulsa
लकी,lucky
कीर्तिमान,kirtiman
डॉली,dolly
बच्छू,bachhu
काजर,kajar
आसलम,aslam
मृदंगिनी,mridangini
हितेंद्र,hitender
जनार्दम,janardam
नाबाव,nabav
कुसुमलता,kusumlata
भूरी,bhuri
सायेरी,sayeri
अल्तमश,altmash
इसरार,israr
भला,bhala
चिराग,chirag
तैत्रा,taitra
शतीश,shatish
सुर्जिया,surjiya
हैरी,harry
वंसू,vansu
जीनत,jeenat
भगवान,bhagwan
मनोति,manoti
शाना,shana
कौवा,kauva
दरिया,dariya
जेबी,jebi
फूलो,fulo
मीता,meeta
मधुनी,madhuni
निम्मी,nimmy
क़ैस,qais
आश्मा,aashma
जोगेंदर,jogender
समाद,samad
बीना,beena
गणपति,ganpat
तारनजीत,taranjeet
संकरलाल,sankarlal
आकांक्षा,aakanksha
मिन्टू,mintu
परशांत,parshant
गोविंद,govind
सूरज,sooraj
इबरहीम,ibarhim
हरे,hare
राजकिरण,rajkiran
सरोजिनी,sarojini
विषु,vishu
लता,lata
सफ़ीक,safiq
भूधशेन,bhudhashen
गर्श,garsh
जय,jay
साहब,sahab
भविष्य,bhavishy
कप्तान,captain
कल्याणी,kalyani
खुशबू,khusbhu
शगुफ्ता,shagufta
पुतुलु,putulu
शुभम,shubham
प्रीत्तम,prittam
चटन,chatan
जसकरन,jaskaran
आएनाब,aaenab
जुवेल,juvel
क़दीम,qadim
नुसरांत,nusrant
रामभूल,rambhool
भूप,bhoop
पारलाद,parlad
भरतेन्दु,bhartendu
रूपल,rupal
मधराम,madharam
झूही,jhuhi
बद्रु,badru
आंसी,aansi
नरयाणी,naryani
आशिया,aashia
जोइटी,joity
समर,samar
लोकिंद्र,lokindra
शाहीना,shahina
चम्पा,champa
बलबीरी,balbiri
गुड़िया,gudiya
सपना,sapana
पंकज,pankaj
अबाश,abash
खलील,khalil
राजदेव,rajdev
शंकर,shanker
कन्हैयालाल,kanhaiyalal
अमृता,amritha
कुशबू,kushbu
राजाराम,rajaram
शाहनाज,shahnaj
परताप,partap
इंद्र,indra
पूजा,pujja
शुर,shur
संदना,sandna
रिष्मा,rishma
अमरपाल,amarapal
योगेश,yogesh
मूकन,mookan
रघबीर,raghbir
जितेंदर,jittender
इस्तख़ार,istkhar
शाकिब,shakib
क़ाज़ी,qazi
सोमेश,somesh
व्रेन्द्र,vrendra
सुभद्रा,subhadra
रहमत,rehmat
समरा,samra
हरबाई,harbai
ज़ादे,zade
हास्मिता,hasmita
बंदनी,bandani
झुन्नू,jhunnu
मंजू,manju
अनुपुमा,anupuma
एनी,any
इर्साद,irsad
पुत्र,s/o
जुबेदा,jubeda
सादब्रिज,sadabrij
लक्ष्मनन,lakshmanan
सत्यव्रत,satyvrat
रेबेका,rebecca
रिसिराज,risiraj
आँचल,anchal
पाटील,patil
अमजद,amjad
मुकिमान,mukiman
सब्रजीत,sabrajeet
स्टिफेन,stifen
दवीना,daveena
वाहिद,wahid
यमीन,yamin
गणिता,ganita
शिवकुमारी,shivkumari
नरयाण,naryan
इस्लामुद्दीन,islamuddin
सगन,sagan
मुनीर,muneer
जीनात,jinat
हैदर,haider
अर्सद,arsad
लीलू,leelu
मायक,mayak
चन्पा,chanpa
सत्रुघन,satrughan
परमोद,parmod
शौकत,shoukat
युनुस,yunus
माधुरी,madhuri
पुषंक,pushank
दिम्पल,dimpal
खडक,khadak
अंग्रेज,angreg
रतमो,ratmo
नार्गेश,nargesh
पप्पू,pappu
खुशबू,khusboo
फिरदोस,phirdos
केशव,keshav
लड्डा,laddha
तेजा,teja
जुन्ना,junna
गुलाबशा,gulabsha
नसीरा,nasira
हफ्सा,hafsa
दिलजान,diljan
निजामुद्दीन,nijamudeen
गुलशा,gulsha
भूरे,bhure
करेशन,kareshan
अर्चिता,archita
गुरुप्रीत,gurupreet
सैली,sally
अख्तर,akhtar
सुभी,subhi
मुंसी,munsi
अंतिमा,antima
बक्सि,baksi
रसाब,rasab
राय,rai
सुंदरी,sundri
खोकन,khokan
नसरुद्दीन,nasrudeen
जसलीन,jasleen
इंद्राज,indraj
लहिड़ा,lahida
राजपाल,rajpal
महेश,mahesh
सुरिंदर,surinder
आशिक,aashik
वीरू,veeru
कचरी,kachri
धर्मेंद्र,dharamender
राइश्मा,raishma
गुरुवचन,guruvachan
दाऊजी,dauji
विश्वजीत,visvajeet
वंशु,vanshu
रघुवीर,raghuveer
शोकेश,shokesh
दिति,diti
कान्हा,kanha
रामैया,ramaiya
सरबाश,sarbash
असफाक,asfaq
पुष्पक,puspak
साकल,sakal
शिशपाल,shishpal
आतिफ,atif
जसवीर,jasvir
महेंदर,mhendar
त्रेप्ति,trepti
बादल,badal
वसुकी,vasuki
पुष्पा,puspha
सुबातो,subato
सुखदेव,sukhdev
सुगंधा,sugandha
वैभव,vaibav
अजय,ajay
अदितिया,aditiya
आरजू,arzoo
निर्भय,nirbhay
राजत,rajat
मंशरम,mansharam
बरखा,barakha
सुनाली,sunali
वरुण,varun
आशी,aashi
अजनूर,ajnoor
गोल्डन,golden
उर्मिला,urmila
जीतन,jitan
तौफिक,tofik
सोयाब,soyab
जयदेव,jaidev
क़ादरी,qadri
रथन,rathan
धर्मवीर,dharamvir
चंद्राचला,chandracala
पल्विंदर,palvinder
नरसा,narsa
शुसीला,shusila
नैरित,nairit
नंदनी,nandani
याकूब,yaqoob
शमी,shami
आशारानी,asharani
निर्जा,nirja
सादरे,sadre
मेहिंदर,mehinder
मोहर,mohar
अखतारी,akhatari
आसर्फ,asrf
जयोति,jayoti
शम्सुद्दीन,shamsuddin
सनम,sanam
ऐश्वर्या,aishwarya
मुंजीरा,munjira
बिल्के,bilke
मनन,manan
रभिदा,rabhida
बच्चे,bacche
जिशान,jishan
तुन्नी,tunni
रविना,ravina
इक़रार,iqrar
रामद्याल,ramdyal
वसीम,wasim
संजीता,sanjeeta
सरजहा,sarjaha
फिलोमिना,philomina
तस्बीहा,tasbiha
अनिकेश,anikesh
मनचन,manchan
शकुंतला,shakuntala
तालीम,taleem
नंदू,nandu
बजरंगी,bajrangi
गगनदीप,gagandeep
प्रभात,prabhat
ओमेंदर,omender
मधन,madhan
शीतल,shital
मुंतजर,muntajar
शैरा,shaira
मनवीर,manvir
पल्लवी,pallavi
पवित्रा,pabitra
पुनीता,punita
पोशेट्टी,poshetty
पर्भा,parbha
साबिद,sabid
पूजा/वर्षा,pooja/varsha
बबूलाल,babulal
चोम,chom
रेखा,rekha
दानिस्ता,danista
सुमेधा,sumedha
गणतंत्र,gantantra
बृजेश,brijesh
रोहन,rohan
बुच्छी,buchhi
समाधान,samadhan
आसीष,aasish
बिराजपाल,birajpal
रुक्कमणि,ruckmani
शीनू,sheenu
रामदुलारी,ramdulari
भूलन,bhulan
तार्नुम,tarnum
शेली,shelly
पंचम,pancham
कपाड़िया,kapadia
नाशरिन,nashrin
उद्धव,uddhav
रामबाबू,rambabu
रेमा,rema
चंद्रदेव,chandradev
प्रभु,prabhu
फोल,phol
मुंतियाज,muntiyaj
विधा,vidha
उमेदी,umedi
अमीर,amir
साहिन,sahin
रोशनी,roshni
बद्रिनाथ,badrinath
इमामुद्दीन,imamuddin
शालू,shalu
राशब,rashab
माल्लो,mallo
माधवी,madhavi
काजल,kajal
आफ़्रीन,afrin
रिहान,rihaan
ज़ैदी,zaidi
क़दीम,qadeem
आचल,aachal
वारदा,varda
ईशा,iesha
ओंगिनये,onginye
जीया,jeeya
सोहनल,sohnal
कामेश,kamesh
पप्पी,pappy
पंडू,pandu
सपन,sapan
हलिया,haliya
राहत,rahat
केला,kela
हलकूजी,halkuji
इशांत,ishant
बहर्त,bahart
सलामा,salama
मारिया,mariya
समर्थ,samarth
रघुवीर,raghuvir
आइशा,aesha
राजबीर,rajbir
आनंद,aanand
नाथू,nathu
शिप्रा,shipra
प्रियका,priyaka
शेखसाई,sheikhsai
कैफिया,kaifiya
चंद्रकला,chndrakla
गुलफ़ान,gulfan
भुदेव,bhudev
उमर,umar
संजय,sanjay
यास्मिन,yasmin
ध्रीज,dhreej
जफरुद्दीन,jafruddin
कल्लो,kallo
साईदुल,saidul
सुभिया,subhiya
गली,gali
काले,kale
खालिदुर,khalidur
ओमेश,omesh
प्रागति,pragti
इक़बाल,iqbal
साक्षी,sakshi
सोनू,sonu
मशीन,masheen
आलोक,alok
गुरु,gur
रफल,rafal
नरिंदर,narinder
वेदांत,vedant
गरीब,garib
सीतल,seetal
श्नेहा,shneha
नराइन,narain
मिसबाह,misbah
हर्षद,harshad
घसीता,ghaseeta
अबिशक,abishak
तौहिर,tohir
प्रेमसिंह,premsingh
हासिबुल्लाह,hasibullah
मिहिर,mihir
करुणाकार,karunakar
बिंजा,binja
अभाकि,abhaki
सुकेंता,sukenta
धर्मपाल,dharmpal
गार्गी,gargi
वीर,veer
राधा,radha
कुलदीप,kuldeep
धरा,dhara
विजयता,vijayta
रतिकांत,ratikant
चटार,chtar
अनुदीप,anudeep
नाईमुद्दीन,naimuddin
गोपी,gopi
बाजिंदर,bajinder
बलराम,balram
उदित,udit
गिरीशचंद्र,girishchandra
बगराम,bagaram
दुखी,dukhi
श्यामलाल,shyamlal
प्रीतिका,pritika
आफ़्ताब,aftab
कन्हैया,kanhaiya
भोत्रा,bhotra
मोहरदी,mohardi
आंगन,angan
उमानाथ,umanath
आश्था,ashtha
रवीना,raveena
हबीबा,habiba
मूलीना,mulina
राध्यश्याम,radhyshyam
सोनम,soonam
शालिग,shalig
शिमा,shima
तुफैल,tufail
रबिना,rabina
रीनू,reenu
बंजू,banju
ईशनि,eeshani
भवना,bhavana
शिका,shika
अभाश,abhash
फ़िज़ा,fiza
सहरुनिसा,sehrunisa
मोहटर,mohatter
मनीष,maneesh
विरेश,viresh
केसव,kesav
मार्या,marya
लाख्मी,lakhmi
प्रीमेचर,premature
अकील,akil
सुचि,suchi
प्रीना,preena
मसूमा,masuma
हरिमोहन,harimohan
मंजीत,manjeet
धुर्वे,dhurve
उस्मान,usman
लाद,lad
रोजमें,rojmen
श्मा,shma
विजेंद्र,vijender
सतीश,sateesh
चंगो,chango
आहिल,aahil
काजमुद्दिह,kajamuddih
इरफ़ा,irfa
चिटू,chitu
पंडित,pandit
तनु,tanu
जावेद,javed
श्यामवीर,shyamveer
रत्नी,ratni
इंदा,inda
तौसिन,tausin
विरोनिका,vironika
पियुष,piyush
जैनब,jainab
बाशांती,bashanti
रेहाना,rehana
विरेन,viren
बिपिन,bipin
रशीद,rashid
बनारसी,banarsi
मोनालिसा,monalisa
श्री,shreee
विदिशा,vidisha
पुंकज,punkaj
रूबी,roobi
पुष्पा,puspa
धीरपाल,dhirpal
क्लश,klash
अनिरुद्ध,anirudh
बसंत,basanta
महराज,mahraj
साम,sam
घंटोली,ghantoli
सुंदगा,sundga
सुबिन,subin
अनुभव,anubhav
हजारी,hajari
काशीराम,kashiram
सियाराम,siyaram
वीणा,veena
ओमवीर,omveer
मैसन,maisan
शयमू,shaymu
कबीर,kabir
गुरुचरण,gurucharan
गुरुदीप,gurdeep
जानक्राज,jankraj
मृत्युंजय,mrityunjay
लखविंदर,lakhvinder
हरिदत्त,haridutt
बिमा,bima
मुस्कान,muskaan
वैभव,vaibhav
कृष्णलाल,knheyalal
तोहमीना,tohmeena
माता,mata
बीराम,beeram
वासिदा,vasida
अंकुश,ankush
मेमा,mema
सालुपा,salupa
कमना,kamana
परमो,parmo
अद्विक,advik
शयना,shayana
हरिचंद,harichand
दिवराज,divaraj
संजीव,sanjeev
कामरान,kamraan
सनोशी,sanoshi
मुस्लिम,muslim
नजारा,najara
फॉरन्टी,foranti
सत्नारायण,satnarayan
तेजेन्द्र,tejender
बेबी,baby
ज़हरा,zahra
सचिन,sachin
इलयास,ilyas
भीम,bhim
बांशी,banshi
नोर्ती,norti
अकील,akeel
रुजी,ruji
प्रहलाद,prahlad
सुनरकी,sunarki
मिनकाशी,minkashi
बिजली,bijali
गोलू,golu
हमसीरण,hamsiran
बाटू,batu
नोविशा,novisha
जयप्रकाश,jaiprakash
संतरा,santara
पुखाराम,pukharam
चेतना,chetna
प्रति,prati
गफ्फार,gaffar
जयप्रकाश,jaiparkash
रामफल,ramphal
श्रुति,shruti
मुसीबत,musibat
सबना,sabna
आसा,aasa
साना,saana
मदनलाल,madanlal
सुदा,suda
बंगाली,bangali
सतवीर,satvir
आर्थी,arthi
जोनी,jony
हैप्पी,happy
हरमीत,harmeet
जरनेल,jarnail
संतोक,santok
पिएश,piuesh
मित्ठू,mitthu
समुन्द्री,samundri
सुरती,surti
छगन,chhagan
चटारपाल,chtarpal
अंसू,ansu
अरब,arab
लक्षिता,laskshita
नशीमा,nshima
नेनी,neni
मोहड,mohad
कोशल्या,kosylaya
सुमोरंजम,sumoranjam
दुर्जन,durjan
मोनू,monu
अभयसिंह,abhaysingh
सुखसोहन,sukhsohan
चाटर,chatar
मिधना,midhana
फिरुज़,firuz
रामजनकी,ramjanki
कल्मा,kalma
नाजरे,najre
चिंकी,chinki
राजेश्वर,rajeshvr
सहजमल,sehjamal
जस्मेन,jasmen
पिंकी,pinkey
हानी,hani
सम्सुदीन,samsudin
गोकुल,gokul
मयूर,mayur
स्नेह,sneh
सादीप,sadip
भोरेलाल,bhorelal
दुर्गा,durga
गुतम,gutam
हरेंद्र,harender
शाधिक,shadhik
कुसुमाकर,kusumakar
काना,kana
अरविंद,arvind
परशोतम,parshotam
धुरेन्द्र,dhurender
कंगना,kangana
आशिया,aashiya
निसात,nisat
जुली,jully
बैता,baita
सुसीला,susila
रोमा,roma
निशु,nishu
रामकरण,ramkaran
अमुचला,amuchla
रतन,ratan
हुसनो,husno
लाखे,lakhe
रीमा,reema
गौरव,gaurav
देविद,devid
पिहु,pihu
मजीदा,majida
सूर्य,surya
प्रतुल,pratul
राहीश,raheesh
विभा,vibha
कृषमा,krishama
गोरुव,goruav
इब्राहीम,ibraheem
दक्षेश,dakshesh
रजेश,rsjesh
अमाना,amana
मेहविश,mehvish
तस्लीम,tasleem
वासिया,vasiya
नंदिता,nandita
छोटेलाल,chhotelal
रैशा,raisha
गुरमीत,gurmit
नरहासी,narhasi
अमकित,amkit
शिम्पी,shimpi
बापू,bapu
हरिएश,hariesh
बाख़्शी,bakshi
मीना,meena
सोम,som
आंचल,aanchal
दामिनी,damini
मुबाशिर,mubashir
मेनादेवी,menadevi
गोरा,gora
आदिल,adil
सुरजीत,surjit
नन्नी,nanni
रुकशाना,rukshana
जिम्मी,jimmi
कुशल,kushal
मधु,madhu
सिनिल,sinil
केशु,keshu
देवान,dewan
दींदयाल,deendyal
धर्मबीर,dhrambir
मनफूल,manphool
अफजल,afjal
पितिका,pitika
जगमोहन,jagmohan
छगना,chhagana
पवन,pavan
मल्लिक,mallik
जतिन,jatin
शाहबुद्दीन,shahbuddin
सोहेब,soheb
लक्ष्मीप्रिया,lakshmipriya
नाशीमुद्दीन,nashimuddin
शाहिद,shahid
मीनाकुमारी,minakumari
सर्वन,sarvan
रूपा,roopa
रामविलाश,ramvilash
प्रगति,pargati
गोदांबरी,godambari
ग्रेस,grace
परकेश,prkesh
जसमीत,jasmeet
दवेन्द्र,davendra
शतुरुघ्यन,shaturughyan
जगबीर,jagbir
सुतिया,sutiya
जाहूर,jahoor
जगमल,jagmal
किशोर,kishore
रविंद्र,ravindra
महादेव,mahadev
जीना,jina
सरधु,sardhu
शालिद,shalid
करीम,karim
सैफ,saif
राधिका,radikha
रंजना,ranjna
ठाकुर,thakur
खुर्शीद,khurshid
निजामुद्दीन,nijamuddin
हनुमान,hanuman
रामचंद्र,ramchander
राधेय,radhey
नंदिनी,nandini
सुधाता,sudhata
कृपाल,kripal
संतोष,santosh
विजेता,vijeta
भाभीया,bhabhiya
दीपु,deepu
जियाउल,jiyaul
राज,raj
बहनु,bahnu
बीनू,binu
सोकिन,sokin
कविता,kabita
दिलिश,dilish
सुहैल,suhail
कुमारा,kumara
रामलाल,ramlal
रहिना,rahina
नेहल,nehal
गुरु,guru
साहलेश,sahlesh
किर्शनपाल,kirshanpal
दीपेश,dipesh
सनी,sunny
नचिता,nachita
आगंद,aagand
गौरी,gouri
वाघेला,waghela
ममता,mamata
पियूस,piyus
बिटू,bitoo
ईशिका,ishika
रतनी,ratani
झूमा,jhuma
पिंट्टू,pinttu
कादिर,kadir
पृथ्वी,parathvi
नरगिस,nargis
नेमसी,nemsi
नदीम,nadim
सादिया,sadiya
मुर्शिदा,mursida
ब्रज,braj
बद्रुनिशा,badrunisha
केता,keta
शुक्रमणि,shukramani
नुमेश,numesh
बच्छू,bachu
परमदीप,paramdeep
जुल्फिकर,julficar
बृंदा,brinda
देशराज,deshraj
गिर्जेश,girjesh
लाख्या,lakhya
ओमबीर,ombir
यासिब,yasib
राखी,rakhi
तुबा,tuba
देवक्रान,devkran
घिसाराम,ghisaram
हसीम,haseem
प्रियकी,priyaki
खुशनुमा,khushnuma
सरीप,sarip
मनबाई,manbai
चंद्रकला,chanderkala
शारधा,sharadhha
वंदिता,vandita
अमरदीप,amardeep
अंसुल,ansul
सादिक,sadik
कुश्मा,kushma
शाहिस्ता,shahista
अम्रीता,amreeta
कर्श्मा,karshma
परमशेला,paramshela
मार्याना,maryana
सिला,sila
उमाशंकर,umashankar
सल्मी,salmi
मीरा,mira
अफ़शा,afsha
अमीशा,amisha
जयेश,jayesh
विक्की,vickey
विचक्षा,vicakha
त्रिपुरारी,tripurari
अभिजीत,abhijeet
नोरीन,noreen
निकिल,nikil
परदेशी,pardeshi
ईशवर्या,eshavarya
स्नेहा,sneha
नाथा,natha
रणजीत,ranjeet
प्यार,pyar
विप्ता,vipta
हरिसन,harison
सत,sat
सुर्गायनी,surgayani
सोमनाथ,somnath
शम,sham
अफ़्शार,afshar
एकनाथ,eknath
नाथी,nathi
ओमी,omi
मैरी,mairy
निर्मलजीत,nirmaljeet
तब्बुसुम,tabbusum
नूतन,nootan
मेघा,mega
सुफिया,sufiya
शुभं,shubhm
लावे,lave
विरेंद्र,virendra
विमुक्त,vimukt
पन्नालाल,pannalal
शाहना,shahna
अनिषा,anisha
आसगर,asgar
प्रेमलता,premlata
ओमा,oma
बालम,balam
तलविंदर,talvender
बंसी,bansi
गोसिया,gosia
दर्शन,darshan
संसर,samser
सौरब,saurab
शैना,shaina
आमरिन,aamrin
रिहान,rihan
मैना,maina
सैदास,saidas
कृतिका,kritika
हिम्मत,himmat
हिफ्जुल,hifjul
मछला,machhala
प्रदीप,prdeep
रोजमेरी,rojmeri
खैरु,khairu
तुल्शा,tulsha
हल्के,halke
हेमांति,hemanti
सीतेन्द्र,sitender
सुश्पाल,sushpal
राजश्री,rajshree
अतीक,ateek
बिजेन्द्र,bijendra
साध्वी,sadhvi
जावल,javal
सराफत,sarafat
किनिया,kiniya
रेपु,repu
अफ़्शाना,afshana
सुखवीर,sukhvir
समीक्षा,samiksa
अमिदा,amida
अरुणा,aruna
रहीम,rahim
डीपांडर,depander
विवेक,vivek
आतु,atu
सुष्मिता,sushmita
हरमनी,harmani
साहबबुदीन,sahabbudin
एकराम,ekram
मेसक,mesak
सरोज,saroj
जितिन,jitin
रणबीर,ranbir
मंसी,mansi
उपासना,upasna
रिंकी,rinki
केदारनाथ,kedarnath
विपन,vipan
चाहत,chahat
कालीचरण,kalicharan
केस्नाता,kesnata
जोत्यी,jotyi
आयशा,aaysha
नेशा,nesha
संवेदना,samvedna
टोनी,tony
तप्स्युम,tapsyum
केलामा,kelama
दामोदर,damodar
जाशिनल,jashinal
राहु,rahu
मोहब्बत,mohabbat
रोबी,robi
वंधना,vandhna
सब्बु,sabbu
इरतु,irtu
मुल्तान,multan
ताने,tane
पारतिभा,paratibha
तब्बसुम,tabbsum
रणजीत,ranjit
छितर,chhitar
श्कुंतला,shkuntala
हेम,hem
लाला,lala
एमिलिया,emilia
जनीद,janid
मुस्तक,mustaq
भागीरथी,bhagirathi
विशाखा,vishakha
तुर्वेनी,turveny
छिंदरपाल,chhinderpal
जनता,janta
शशाई,shashai
माधवी,madhvi
विक्की,vikky
डेटाटेर्या,dataterya
देवली,devli
जोकीपाई,jockyipai
नायना,nayna
छोटूम,chotum
गेनसिंघ,gensingh
परनीति,parniti
सुमेंत्रा,sumentra
कादम्बरी,kadambari
अम्रत,amrat
चौबे,chaubey
हीना,hina
गोटिया,gotiya
भटेरी,bhteri
एसएमटीएस,smts
आश,aash
ज़ैन,zain
कन्हेया,kanheya
योगेन्द्र,yognder
जुनेब,juneb
विशाल,vishal
सृष्टि,srishty
माइकल,mikel
काला,kala
झरना,jharna
हरिनारायन,harinarayan
मेघा,megha
वीरो,veero
गेंडू,gendu
चेत,chet
विश्वनाथ,vishvnath
जायदा,jayda
अकबरी,akbari
बुंदा,bunda
देनी,deni
रिथिक,rithik
मुकरम,mukaram
तारामती,taramati
सेष्टा,saeshta
धीरू,dhiru
हसीना,haseena
पर्वेन,parven
एडरसेन,adersen
मोरल,moral
अतनु,atanu
सोमि,somi
देवशीष,devashish
याश,yasha
सुनरकाली,sunarkali
दिलसाह,dilsah
पर्णव,parnav
मेटी,meti
पौल,paul
झांसी,jhansi
आरिंद्र,arindra
विश्वाश,vishvash
सिमा,sima
तुशल,tushal
अर्श,arsh
बीरजू,birju
अर्पणा,arpna
दीया,deeya
ओंकारेश्वर,omkareshwar
विनय,vinay
परवेज,parvej
सरीफ,sarif
दयाराम,dayaram
छाया,chhaya
किन्या,kinya
अनु,anu
अमनदीप,amandeep
रोशनलाल,roshanlal
विशामित्र,vishamitra
नराइनी,naraini
भज्जू,bhajju
सोरब,sorab
कैलाश,kailash
मेहर,mehar
रबिया,rabiya
बसराम,bsram
हसन,hasan
रहमती,rehmati
मुकुल,mukul
दोर्ड,dord
पारश्रम,parashram
धिसा,dhisa
बदरुल्ला,badrulla
तिसर,tisar
मनी,mani
पिंकी,pinky
जैनुब,jainub
मित्ठुन,mitthun
हरिहरन,hariharan
करिस्मा,karisma
शोभित,shobhit
रवि,ravi
प्रणय,pranay
कर्मी,karmi
विराट,virat
बदरजहां,badarjahan
मुकेश,mukesh
निहाल,nihal
नायमती,nayamati
नवेद,naved
वाशिला,vashila
मेहरू,mehru
वफ़ा,wafa
बलबीर,balbeer
तनिष्का,tanishka
नोट,not
योगेन्द्र,yogendr
जाग्रति,jagrati
विर्णित,virnit
रीतिमा,reetima
रजनी,rajni
हुर्जी,hurji
अमरमुला,amarmula
सिराजुद्दीन,sirajuddin
गुड्डीबाई,guddibai
रामधन,ramdhan
कुलभूषण,kulbhushan
लल्लू,lallu
पोगा,poga
अपर्णा,aparna
गणेशी,ganesi
हिरी,hiri
अभय,abhay
नूरजहा,noorjaha
हुकमचंद,hukamchand
प्रोमिला,promila
अभिशक,abhishak
कन्हया,kanhaya
मोमिना,momina
इंदरजीत,inderjit
दीराज,deeraj
पम्मी,pammi
जमीर,jamir
लावी,lavi
आसफक,asfak
अनरो,anaro
अबू,abu
सुरैया,suraiya
अर्हम,arham
नितेश,nitesh
मोहम्मद,mohd
परेम,parem
पर्वेश,parvesh
अशुतोष,asutosh
एक्तह,ektah
मनप्रीत,manpreet
अनादि,anadi
मुस्ताक,mustak
विसान,visan
जयंती,jayanti
दौलत,dolat
बोदू,bodu
उज्जैर,ujjair
सेजन,sejan
झांझरिया,jhanjhariya
एमएमटीए,mmta
ज़ाकिर,zakir
बबलू,bablu
जगदीश,jagdish
सौविक,souvik
सरबजीत,sarabjit
लाख,lakh
कांची,kanchi
समा,sama
रीतू,reetu
मीनू,meenu
गलू,galu
पालाराम,palaram
पर्वीन,parvin
मनलिसा,manlisa
दिलवर,dilvar
नबीजान,nabijan
अर्शी,arshi
बिरिज,birij
विमलेश,vimlesh
बौदी,baudi
दीपा,dipa
बाबुराम,baburam
नाजनी,najni
सजल,sajal
रुक्या,rukya
नीलकंठ,neelkant
रघुविंदर,raghuvinder
चोटे,chote
प्रमीला,prameela
रविनाथ,ravinath
गंगा,ganga
मोसीम,mosim
रामजीत,ramjeet
रितिका,ritika
नीलाद्री,nilaadrii
भूरा,bhura
रामबीर,rambir
ज़रीना,zarina
समीरुद्दीन,sameeruddin
जेन,gen
कमलदीप,kamaldeep
मोंटी,monty
रविंदरा,ravindera
मीना,mina
सेफ,safe
ब्रह्मानंद,brahmanand
शान,shan
मंशा,mansha
अबुल,abul
नबी,nabi
मामराज,mamraj
मार्जाना,marjana
यशपाल,yashpal
लाम्बा,lamba
नसरीन,nasreen
अभिलाश,abhilash
यमीन,yameen
वेशाली,veshali
पुनीता,puneeta
दीपांशु,deepanshu
सुखबीर,sukhbeer
मेघराम,megharam
लवप्रीत,lavpreet
संसार,sansaar
निशिथ,nishith
आफ़्फ़ान,affan
फैजल,faijal
गजना,gajana
मोनी,moni
दीप्ति,deepti
प्रबलीन,prableen
चेत्तन,chettan
आदेश,adesh
जगीर,jagir
कुमकुम,kumkum
सोहन,sohan
इस्त्यारा,istyara
हनीफ,hanif
बिंदिया,bindiya
मुदसीर,mudsir
जागरूति,jagruti
भीमसेन,bhimsen
भार्गव,bhargav
इंसी,incee
उदय,udaya
आस्मिन,aasmin
डाली,dali
प्रशांत,prasanta
नूरजहाँ,noorjahan
सुखराम,sukhram
जितेश,jitesh
चित्रांगदा,chitrangada
विक्रमजीत,vikramjeet
क़द्रिया,qadriya
जनमेश,janmesh
इतहसाम,etahsaam
अमर्त्य,amartya
विने,viney
मिश्री,mishri
स्नेहलता,snehlata
डेटा,data
कैलेश,kailesh
साहरुल,sahrul
खुशबू,khushbu
बिंदी,bindi
कुलबीर,kulbir
राजा,raja
शबना,shbana
सागरिका,sagrika
कुसुम,kusuma
रचना,rachna
बित्तु,bittu
कौशल्या,kaushalya
हानी,hanni
तोलाराम,tolaram
गायत्री,gaytri
अंकुर,ankur
महबूब,mahbub
आइजय,aijay
शाकिना,shakina
निजाम,nijam
तिन्वकल,tinvkal
येश,yesh
शजाद,shjad
हरिशेन,harishen
टेपु,tepu
सवीना,savina
वहाब,wahab
सागिता,sagita
सलीमा,salima
अजनबी,ajnabi
शाहरुख़,shahrukh
पंकजशील,pankajsheel
बेबी,bebi
नुरबी,nurbi
उम्मे,umme
कवल,kaval
मंजर,manjar
बेनय,benay
रेन,wren
आयुष,aayush
जीत,jit
सीथल,sithal
जाहिर,jahir
सोभा,sobha
विद्यादत्त,vidyadatt
खुशबू,khusbu
रिनेश,rinesh
नुसरत,nusrat
चज्जू,chajju
शिव्यालम,shivyalam
हरदास,hardas
अजाद,ajad
फेलीशिया,felicia
प्रांसिस,pransis
तारा,tara
सोहल,sohal
संगीत,sangit
हरबीर,harbir
भिसान,bhisan
नंदनी,nandni
भारत,bhart
उत्तम,uttam
धामेंद्र,dhamender
किरोरीमल,kirorimal
जेकब,jacob
चिरंजीवी,chiranjavi
नवल,naval
मनीसा,manisa
मानुष,manush
रिना/,rina/
चेतनराम,chetanram
सुभागी,subhagi
राजबीर,rajbeer
चंदर,chandar
अब्दुल्ला,abdulla
खुशबू,khushbhu
भुवनेश,bhuvanesh
रीमा,rima
राजल,rajl
विष्णु,vishnu
सोनाली,sonali
वाधव,wadhwa
बीनू,beenu
देबा,deba
आरिबा,ariba
सुफ़ियान,sufian
ललित,lalit
अन्नवी,annavi
प्रीत,preet
रफ़ीक,rafiq
ईशा,isha
पंचुराम,panchuram
जेठालाल,jethalal
रोबिन,robin
ताराचंद,tarachand
युवराज,yuvraj
नधीम,nadhim
प्राम,pram
सुहागिनी,suhagini
गुलरेग,gulreg
शाकिल,shakil
दीपू,dipu
रामुलु,ramulu
सविया,savia
अनुप,anup
नसरीन,nasrin
मोईनुद्दीन,moinuddin
अनुराज,anuraj
आभा,abha
यश्मिन,yashmin
छोटुदेवी,chhotudevi
जुमरती,jumrati
तानिया,taniya
राणा,rana
शेरू,sheru
जयंतदास,jayantadass
कमली,kamli
अख्तारी,akhtari
चोटन,chotan
मनोईश,manoish
प्रताप,pratap
कर्तार,kartar
मुर्जिना,murjina
सतपाल,satpal
आलिमा,alima
नाबल,nabal
आस्मिना,asmina
सेती,seti
साब्रिन,sabrin
देव्या,devya
लव,lav
वाशनवी,vashanavi
लोक,lok
आस्मिता,asmita
प्रामी,prami
मुस्तीकीम,mustikeem
हितेन,hiten
प्रिंकाया,prinkaya
जैन,jaina
रौनफ,raunaf
उमंग,umang
किल्लो,killo
किंगकार,kingkar
फकीर,phakir
सागीर,sagir
कामिनी,kamini
कोशल्या,koshalya
मातादीन,matadeen
देवांती,devanti
कुशुमलता,kushumlata
हजरत,hajrat
अल्लाराजी,allaraji
नसीफ,naseef
रमा,rma
दिलकुश,dilkush
गुलसना,gulsana
आशिफ,aashif
हासिबुल,hasibul
गोल्डन,goldan
जैवीर,jaiveer
दिलीप,dilip
राम्बा,ramba
हेलेना,hailena
फाईजा,faaija
निनी,nini
गजेन्द्र,gajender
मुन्निया,munnia
अनुष्का,anushka
सयदा,sayada
जपनीत,japneet
अंश,ansh
ओझा,ojha
सेंथिया,senthia
शाहीर,shahir
सनात,sanat
कूकी,kooki
सज्जु,sajju
सनंद,sanand
तोशीब,tosheeb
अफ़रीदी,afridi
सेखा,sekha
शाक्षी,shakshi
इंदर,inder
मुस्कुरान,muskuran
सरबजीत,sarabjeet
सोना,sona
रूबजान,rubjaan
मनफुल,manful
नजराना,najrana
नाथूलाल,nathulal
मुरारी,murari
अंजन,anjan
बेगम,begam
विक्रम,vikram
अदीबा,adiba
शबूब,shaboob
चित्र,chitra
सम्या,samya
परमजीत,parmjeet
ईशु,ishu
नन्हू,nanhu
सोसरी,sosari
हिटलर,hitlar
शिवचरण,shivcharan
वकील,vakeel
गुंजन,gunjan
कुश,kush
वागमारे,wagmare
ओमपरसाद,omparsad
करण,karan
जयपाल,jaipal
बेगराज,begraj
आशरफी,ashrfi
शंकुंतला,shankuntla
रामधनी,ramdhani
आयुष,ayush
नाजरीन,najreen
शानू,shanu
दीशू,dishu
ताहिर,tahir
आलम,aalam
अमृति,amrooti
विजय,vijay
बुलबुल,bulbul
अमोट,amot
बोबी,boby
रूपन,rupan
मैडम,madam
वंधना,vandhana
नोसी,nosi
यशधर,yashdhra
भुदेवी,bhudevi
नसीबू,nasibu
रखो,rakho
मंगलेश,manglesh
तरुण्नम,tarunnam
सृष्टि,srishti
अमृत,amrit
रूपा,rupa
दक्षिणा,dakshina
रामचंद्र,ramchandra
फिरोज़,firoz
कार्ति,kaarti
नूरीन,noorin
शंभू,shambhu
सरोजनी,sarojani
तिलकराम,tilakram
साबनाम,sabnam
जसपाल,jaspal
मनोरमपाल,manormapal
मोब्सहीरा,mobsheera
मेघ,megh
मंतोष,mantosh
गुरुजीत,gurjeet
जोगा,joga
विजेश,vijesh
जुलेखा,julekha
भभव,bhabhav
आरिंडोम,arindom
शेलेश,sheilesh
प्रशंसा,prashansa
तस्लीमा,taslima
श्कुंडला,shkundla
अमोल,amol
शशिद,shashid
विल्रम,vilram
आशिया,ashiya
पंकू,panku
संसीदा,samsida
सफिया,safiya
नाइसी,naisi
गर्व,garv
पुराण,puran
छोटीबाई,chotibai
नूरझान,noorjhan
मेथुन,methun
शिवम,sivam
जयदुल,jaidul
मोलू,molu
शोबिना,shobina
अमजत,amjat
कैफ,kaif
रूप,rup
कौशलिया,kaushaliya
शून,shun
मंती,manti
रणजीता,ranjeeta
ललथा,laltha
कर्षणा,karshana
श्यमो,shymo
यशोधा,yashodha
गीतु,geetu
केलाशी,kelashi
अमर्वेश,amarvesh
छानो,chhano
पाण्डेय,pandey
जयुती,jayuti
मनप्रीतकौर,manpritkour
आसिफ,aasif
प्रेमपाल,prempal
गौरवगिल,gauravgil
एलियास,eliyas
धर्मेन्द्र,dharmendra
सोहिल,sohil
गिविन्दा,givinda
सुप्यार,supyar
टिखालाल,tikhalal
भिस्मपाल,bhismpal
बेटी,beti
श्यामा,shyama
आकाश,akash
सिधारथ,sidharath
फूलबी,phulbi
सुखवीर,sukhveer
बलजीत,baljeet
सलीन,salin
रिषिपाल,rishipal
भूपेन,bhupen
बख्तवार,bakhtvaar
तमन्ना,tamana
राधे,radhe
अरविंद,aravind
मोशरी,moshri
रूपेन्द्र,rupender
बकीला,bakila
अभिशीक,abhishiek
धर्मराज,dharmraj
राजीव,rajeev
सर्वश,sarvash
मुबशिरा,mubshshira
राजकलि,rajkali
एकलव्य,eklavya
सिर्जना,sirjna
जरीम,jarim
मनोहर,manohar
शिवा,shiva
सुनहारा,sunhara
तारन्नुम,tarannum
श्मेझा,shmejha
पुष्पन,pushpan
झगड़ू,jhagdu
हिसामुद्दीन,hisamuddin
कन्ह्यालाल,kanhyalal
बुशारा,bushara
लल्तेश,laltes
सिप्रा,sipra
धर्मेंद्र,dharmendr
आशु,ashu
लिमका,limca
गुलशफा,gulshafa
ग्रोटी,groti
निक्षिया,niksiya
सुनतिया,suntia
अमरजीत,amarjit
अल्लाबक्ष,allabaksh
रुमाल,rumal
संधा,sandha
सुब्बुरायलु,subburaiyalu
मेहरुद्दीन,meharuddin
जयमती,jaimati
श्वेता,shveta
क़ैसर,qaisar
शब्बो,shabbo
गुरफ़ान,gurfaan
मेहताब,mehtab
बाबूपुरी,babupuri
कामरुलनिशा,kamrulnisha
बेगमपुर,begumpur
आलिया,alia
नहर,nahar
तेहमीना,tehmina
मुन्नेम,munnem
सुरेंद्र,surendr
आदित्य,aditya
व्येलेट,vyelet
शेलेश,shelesh
मितनू,mitnu
खस्ती,khasti
लाटूर,latur
प्रफुल,praful
कमरे,kamre
अकिलेश,akilesh
पप्पे,pappe
जयदीप,joydeep
निखिल,nikhil
सोरभ,sorabh
रिनी,rini
प्रवेश,pravesh
सैयदा,saiyada
रुचिका,ruchika
कोयल,koyal
मासूम,masoom
रोहिताश,rohthash
अर्जुन,arajun
यशिन,yashin
रामगोपाल,ramgopal
श्याम,syham
बाटसी,batasi
अमीजान,amijan
जैनफ,jainaf
गुलाफसा,gulafsa
धनंजय,dhananjay
अफसना,aphasana
कुमुद,kumud
मुकेश,mukish
महफूज,mahfooj
जीथ,jeeth
झोटी,jhoti
देवासीष,devasish
महेश्वर,maheshar
रामपाल,rampal
सुभांगी,subhangi
ओमपरकेश,omparkesh
साब्रीन,sabreen
झुन्ना,jhunna
अमित,amit
मानमती,maanmati
शुक्ल,shukla
रुबीना,rubina
प्रदीप,pradeep
इंसाफ,insaf
बिरान,biran
खेत्रा,khetra
चक्र,chakra
अलसीपा,alseepa
सिंतु,sintu
विजयंती,vijaynti
साका,saka
अनूज,anooj
अंतिम,antim
दन्वीर,danveer
ईशन,eeshan
क़ुरेशी,qureshi
रिना,rina
विचित्र,vichitra
वाजिद,vajid
अंकिता,ankita
मुदसीर,mudssir
अंगूरी,anguri
पंचुरी,panchuri
जसविंदर,jasvinder
अफसाना,afsana
जैकी,jacky
अम्रतलाल,amratalal
सिमरेन,simren
अभिसेक,abhisek
सारू,saru
चिंतन,chintan
बलदेव,baldev
कैलाकी,kailaki
भास्कर,bhaskar
चित्रांजन,chitranjan
शिमला,shimala
प्रिंश,prinsh
मेघना,meghana
राजिदेर,rajider
फाहिम,fahim
ब्रह्म,braham
चारनजीत,charnjeet
स्नेह,snah
नवी,navi
सुमित्रा,sumitra
जयचंद,jaichand
हरीस,harees
स्मृति,smariti
लैबा,layba
साकिल,sakil
जेस्मीन,jesmin
अर्चना,archana
प्राणब,prannab
जयगुण,jaiguna
सुलेंदर,sulender
रामब्रिज,rambrij
रदत,radat
सुधांशु,sudhanshu
देवेंद्र,devender
युनिश्स,yunishs
सज्जन,sajjan
ज़वेरी,zaveri
एमरान,emran
चंचल,chanchal
यशस्वी,yashsvi
जलील,jalil
प्रामिल,pramil
प्रभाश,prabhash
अरमान,arman
बुइटी,buity
सतबीर,satbir
रामेन्द्र,ramender
रूशाली,rushali
परी,pari
तंजीमा,tanjima
नैंसी,nancy
सोबी,sobi
आसरफी,asarfi
कलीम,kaleem
सदोद,sadod
धन्ना,dhanna
रामकेश,ramkesh
शकुंतला/बेबी,shakuntla/baby
नमरा,namra
मोगली,mogli
पुष्पा,puspa&
मस्तान,mastan
नौशी,naushi
अभिषेक,abhishek
साहिब,sahib
लाजा,laja
साहेब,saheb
गुलाशन,gulashan
वर्षिनि,varshini
बसंती,basnti
रामकुमारी,ramkumari
रियाजुद्दीन,riyajuddin
प्रेमनारायण,premnarayan
हेमांशु,hemanshu
पयना,payana
रहमत,rahmat
बालक,balak
बिंडा,binda
हरजीत,harji
शिवनाथ,shivnath
परसंजीत,parsanjeet
पदम,padam
भुवनेश्वरन,bhuvaneshwaran
श्री,shree
जगताप,jagtap
मिश्रीलाल,mishrilaal
सफिया,safia
भोला,bhola
धनी,dhani
मैरी,mairi
हार्डिक,hardik
आशिक,ashik
गुरुदयाल,gurdayal
इलेमा,ilema
पूर्णिमा,poornima
तमन्ना,tamnna
लक्षित,lakshit
भ्रमानंद,bhramanand
पद्मा,padma
करंदीप,karandeep
देयजी,deyji
तबस्सुम,tabssum
सलेश,salesh
नौसाद,nausad
नंदा,nanda
गौरव,gourav
जिले,jile
प्री,pree
मल्लिका,mallika
निशा,nisha
पार्काश,parkash
रिचराज,richaraj
काशुम,kashum
खुसबू,khusaboo
सुष्मेंद्र,sushmendra
योगिंद्र,yoginder
सजमा,sajma
नायका,nayaka
समिरों,samiron
सनो,sano
मांडवी,mandvi
खुशनसीबा,khushnasiba
सुखपाल,sukhpal
विजेंद्र,vijendra
जूली,julee
कवित,kavit
प्रेमचंद,premchand
हादराली,hadarali
बसंत,basant
छोटू,chotu
ईश्वर,eshwar
श्रीदेवी,sridevi
सवीना,saveena
मुन्नू,munnu
जहां,jahan
आमोश,aamosh
गोर्व,gorv
रेहान,rehaan
जीसु,jisu
गोरव,gorav
बिप्नेश,bipnesh
बग्गा,bagga
शर्मीली,sharmili
पुष्पेन्द्र,pushpendra
ननका,nanka
विपुलंद्र,vipulander
आशरा,ashra
आसंति,asanti
अर्नुब,arnub
रूप,roop
सरोजा,saroja
गोमती,gomati
रौफ,rauf
अंशुम,anshum
तुलसी,tulsi
अमर्त,amart
बिमलेश,bimlesh
बिट्टो,bitto
प्रफूल,prafhool
शोभाराम,shobharam
धीराज,dhiraj
अर्णव,arnav
शाहजाद,shahjad
सिदार्थ,sidarth
रियासत,riyasat
ओवैस,owais
बंती,banty
चेतन,chetan
परतुल,partul
मंगला,mangala
सुलेखा,sulekha
आनिल,aanil
बुधराम,budhram
जोसिन,josin
सीलम,seelam
जैविंद,jaivind
सत्तू,sattu
रादा,rada
सिरिष,sirish
काशी,kashi
अर्शला,arshla
पंकुज,pankuj
शैली,shaili
मुदासर,mudasar
जगदम्बा,jagdamba
वरद,varad
अलीना,alina
भानुप्रिया,bhanupriya
रुबीना,rubbina
चंदो,chando
निखत,nikhat
शिल्पी,shilpi
बिजनेस,busness
शौरभ,shaurabh
नंदी,nandi
कोसल्या,kosalya
बुंधू,bundhu
मन्सूर,mansoor
रोहिताश,rohtash
दीपन,deepan
मंसूर,mansur
सिध्रथ,sidhrath
पुषपा,pushapa
जिसान,jisaan
सुरेंदर,surendar
शठी,shathi
अशफाक,ashfaq
नीतू,nitu
हांदू,handu
संतलाल,santlal
खजन,khajan
वीरमती,veermati
नैंशी,nainshi
गरुपाल,garupal
मुरली,murli
शक्तिंसाना,shakhtnsana
विभाष,vibhash
खशबू,khashbu
विन्देश्वर,vindeshver
खुशल,khushal
हमीदा,hamida
लज्जावती,lajjavati
मकरूद,makrud
मैंका,mainka
अक्षरा,akshara
जसिना,jasina
अर्णब,arnab
बोध,bodh
त्रनूम,tranoom
गुरप्रीत,grpreet
प्रियंका,priyanka
शुशील,shushil
सरांश,saransh
राधेश्याम,radheshyam
राजकुमारम,rajkumarm
रश्मि,rashimi
हाशिम,hashim
रविशंकर,ravishankar
विपिव,vipiv
पोपिंदर,popinder
जीतू,jeetu
इस्लाम,islam
यमन,yaman
फॉर,for
राजन,rajan
वीणिता,veenita
नासर,nasar
धुर्पति,dhurpati
तम्सा,tamsa
कनिष्कराज,kanishakraj
खालिद,khalid
रामनिहोर,ramnihor
केशर,keshar
काली,kali
सोमिल,somil
बदश्या,badshya
कोहिनूर,kohinoor
शाहगुज्ता,shahgujta
नसीम,nasim
सापिता,sapita
सायरा,sayra
जीतेंद्र,jitendera
मोहम्मद,mohammad
सुमिंदर,suminder
सागर,sagar
संभू,sambhu
तिना,tina
राकेश,rakesh
कोकिल,kokil
समीना,sameena
महमुन,mahmun
रूपलाल,ruplal
मोहनी,mohani
गोपाल,gopal
आयशा,aysha
दीपांकेर,deepanker
लखमी,lakhami
मयूषी,mayushi
करिशमा,karishama
कमल,kamal
अजरा,ajra
काशिव,kashiv
राखी,rakhee
किफायत,kifayat
ज्ञार्सी,gyarsi
आफताब,aaftab
धर्मिंद्र,dharminder
ज्योति,jyoty
नरसिंह,narsingh
पलक,palak
राजिया,rajia
दीपाली,deepali
गोरी,gori
सरदीप,sardeep
मुस्तकी,mustki
ज़ोया,zoya
सिरा,sira
हीना,heena
एद्रिस,edris
सागित,sagit
केश्राम,keshram
तस्नीम,tasnim
आशांजलि,ashanjali
जोमिया,jomiya
निखाद,nikhad
उरेन्द्र,urendra
जसमिना,jasmina
सुमिता,sumita
हरीश,harish
धन्नू,dhannu
पोनीम,poneem
रुक्कसना,rucksana
रजनीश,rajneesh
आस्था,aastha
रोहिणी,rohini
शारिब,sharib
सुप्रियाल,supriyal
समे,same
शेह,sheh
जुगनी,jugani
जशगुल,jashgul
जंतर्पाल,jantarpal
शयम,shayam
ओजश्वी,ojashwi
मंजूषा,manjusha
शिवलाल,shivlal
ताहिरा,tahira
पर्भात,parbhat
बहालें,bahalen
वेरोनिका,veronika
सुजीत,sujit
जुगन,jugan
सुजली,sujli
जगेंदर,jugender
साहिद,sahid
दुमनिक,dumnik
हरपाल,harpal
मुस्तकीम,mustkim
अनीश,anish
शांता,shanta
गिरधरी,girdhari
मोहम्मद,mohmad
सानिया,saniya
जटिन्द्र,jatinder
बेक,bake
नाईमा,naima
सनीता,sanita
नारायण,narayan
मनेंद्र,manender
रानी,rani
जिशांत,jishant
ज़ैनब,zainab
गुलनांज,gulnanj
श्यान,shyan
मनोष,manosh
हुसैना,husina
मखान,makhan
रूबी,rubby
गुलसिदा,gulsida
रशीदा,rashida
इसनेश,isnesh
साहीन,saheen
बबूल,babul
दीपांशु,dipanshu
दशरथ,dasharath
सुनप्रीत,sunpreet
सकीना,sakeena
अंजली,anjaly
सुगाई,sugai
मोहसीना,mohsina
बोबी,bobi
खुर्सिद,khursid
तौशिफ,taushif
शिएना,shiena
नुपुर,nupur
सजीदा,sajida
आमोद,aamod
गिरिराज,girraj
रणजू,ranju
पुष्पांजलि,pushpanjali
अफ़सारी,afsari
मुन्नादेवी,munnadevi
साइंकी,sainky
आतिकून,aatikun
हुमेरा,humera
चन्द्रमणि,chandermani
वाघमारे,waghmare
हरिराम,hariram
महताब,mahtab
अन्नो,anno
सिल्विया,silvia
मीरामाई,meeramai
कृष्ण,krishn
चमनलाल,chamanlal
रोशन,roshan
सौहाल,sauhal
मोनी,mony
गुलाफशान,gulafshan
सिमरनजीत,simranjeet
सत्येन्द्र,satyender
भूपेन्द्र,bhupendra
गंगाजली,gangajali
आशा,aasha
इंद्रेश,indresh
पचुराम,pachuram
रमें,rame
अउसफ,aoosaf
नाजिमुद्दीन,najimuddin
शिवम्,shivam
उधम,udham
विनयसिंह,vinaysingh
साहिना,sahina
परजिंदर,parjinder
साहिरा,sahira
तरुण,tarun
सपना,supna
भोलू,bholu
आश्मि,ashmi
अभिनय,abhinay
मधुसूदन,madhusudan
कात्यायनी,katyayani
शानीचारी,shanichari
पुनीत,puneet
शयमा,shayma
लॉंग,long
समाध,samadh
रामजनी,ramjani
उपासना,upasana
काबुल,kabul
सहजहा,sahajha
राजेंदर,rajender
इनायत,inayat
सोकट,sokat
मनुजा,manuja
बुधू,budhu
मिंका,minka
शुष्मा,shushma
फ़रूक़,farook
फ़रीदा,farida
भविष्य,bhavishya
सोफली,sofali
संतरो,santro
हरबंसचौहान,harbanschauhan
रहनुमा,rahnuma
रत्नेश,ratnesh
जयोत्ली,jayotli
परदीप,perdeep
शिया,shiya
हरलीन,harleen
ब्यूटी,beeuty
अंजू,anju
साकिरान,sakiran
सनव्वर,sanavvar
मक़सूद,maqsood
गुरुमेल,gurmel
लालू,lalu
रितु,ritu
सुष्मा,sushma
सूरज,suraj
वंश,vansh
शमीमा,shamima
सुष्मिता,sushhmita
सुप्रिया,supiriya
किरण,kirann
हरनीत,harneet
भूपेन्द्र,bhupendar
सरताज,sartaj
हरदाम,hardam
सयना,sayana
तन्वी,tanvi
मिलखी,milkhi
सतीश,satish
धर्मवीर,dhrmveer
शोकराजी,shokraji
हृतिक,hritik
राधिका,radhika
कलेराम,kaleram
जेनिफर,jenifer
डेओउ,deou
आशीष,ashish
आकांशा,akansha
अनुरुध,anurudh
जीतेंद्र,jitendr
इंग्लस,englas
अतिक,atiq
पुनीत,punit
छोट्टू,chottu
सुजाता,sujata
सादबखुरा,sadabkhura
रोहित,rohit
अफारिन,afarin
मोबिन,mobin
जगदम्बिका,jagdambika
रिमझिम,rimjhim
ज्ञानदीप,gyandeep
लिलाबाई,lilabai
नित्तिन,nittin
राजिना,rajina
सिया,siya
गोपीराम,gopiram
चाबी,chabi
मुस्तफा,mustafa
राहुल,rahul
आवेश,aavesh
अभिलाषा,abhilasha
दार्फ़शा,darfasha
ननो,nano
सोने,sone
यासर,yasar
डालजीत,daljit
जेडू,jedu
सिकंदर,sikandar
शिखा,sikha
मोगन,mogan
सहजाद,sahajad
कोशल्या,koshlya
सोसरी,sosri
प्रवेन्द्र,pravendra
लतेश,latesh
तमन्ना,tamanna
धूलिन,dhulin
मेरो,mero
शादान,shadan
मुनमुन,munmun
रजुद्दीन,rajuddin
हसीन,haseen
नीति,neeti
दुलारी,dulari
शम्पा,shampa
ज्ञान,gyan
मेगराज,megraaj
अंजलि,anjali
बैरंग,bairang
जगन्नाथ,jagannath
पुष्कर,pushkar
विराम,viram
सैफाली,saifali
गौरा,gaura
गुड्डिया,guddiya
कुलदील,kuldeel
सेंसर,senser
जगवीरी,jagviri
नैना,naina
वंशिका,vanshika
रामपाल,rampaal
ब्यूटी,beauty
शिलू,shilu
उपाध्याय,upadhyay
जया,jaya
रॉबर्ट,robert
सुभाष,subhash
माजू,majoo
हनुमानराम,hanumanram
साही,sahi
सत्यपाल,satyapal
आशीष,aashis
घन,ghan
वीनु,veenu
आदिल,aadil
नीलू,neelu
चैतन,chaitany
लोकेन्द्र,lokendra
श्रोतम्,shrotam
नीति,niti
तविन्दर,tavinder
अनुज,anuj
दिसी,disi
ओमप्रकाश,omprkash
शलेश,shalesh
निर्वत,nirvat
गीत,geet
श्याद,shyad
मोना,mona
जरीना,jareena
अन्निष,annish
लक्षया,lakshaya
नीला,neela
मलिका,malika
शायमवीर,shayamveer
वीरांदेर,veerander
परमजीत,paramjit
नवीला,naveela
प्रीतम,preetam
गुड़्या,gudya
जनक,janak
अजाज,ajaj
शकुर,shkur
सरिता,sarita
सहना,sahna
अम्री,amri
पटेल,patel
आशु,aashu
भोली,bholi
हरनाम,harnam
ग्या,gya
शर्मिष्ठा,sharmistha
मंगीलाल,mangilal
मुजेफिर,mujefir
प्रेयोजित,preyojit
अंजुमन,anjuman
गोना,gona
मुनी,muni
रणजिता,ranjita
लिलिमा,lilima
अत्तर,attar
कर्मवीर,karmveer
कलेश,kalesh
गोवर्धन,goverdhan
पाटिक,patik
रामविहार,ramvihar
जीतराम,jeetram
जॉब,job
पूजा देवी,poojadevi
परिती,pariti
अमीरका,amiraka
ध्रुव,dhruv
हिरा,hira
गांगुली,ganguly
तपिश,tapish
कुलसुम,kulsum
नीवेन,neeven
अनोज,anoj
शेखर,shekhar
डोली,doli
किशन,kishan
मनोज,manoj
पार्वती,parvati
अर्पित,arpit
विमल,vimal
सुजा,suja
भाकुनी,bhakuni
नत्थू,natthu
खुशबू,khushboo
उर्वशी,urvashi
शकीना,shakeena
गंधर्व,gandharv
सफिला,safila
प्रशांत,prshant
राईनू,rainu
टिंकी,tinki
सोहनी,sohni
कासिद,kasid
कामिल,kamil
नयन,nayan
ईशानी,ishani
अलका,alka
देवपाल,devpal
ज़ाहिरा,zahira
सात्विक,satvik
जमाद,jamad
देवी,devi
लुशी,lushi
गप्पू,gappu
संध्या,sandhya
मामथा,mamtha
सुहानी,suhani
यतिन,yatin
आकाश,aakash
आभा,aabha
मेटिली,metily
इराम,iram
अवंतिका,avantika
रूप्पा,ruppa
प्रेमजीत,premjit
रुहेना,ruhhena
अवनीश,avnish
रुखसना,rukhsana
मनीष,manish
कोंटी,konti
शौभा,shaubha
विश्वकर्मा,vishavkarma
दीपक,deepak
जूही,joohi
त्रिप्ता,tripta
किस्मती,kismti
मुहम्मद,muhmad
सिकंदर,sikander
अम्रुदिन,amrudin
सुल्तान,sultan
गुलबाशा,gulbasha
लज्जा,lajja
हरजीत,harjit
मोहक,mohak
सतरोहन,satrohan
सल्माखातून,salmakhatun
उमरदीन,umardeen
विजयपाल,vijaypal
भौक,bhauk
गुरबचन,gurbachan
हरदीप,hardeep
मिथु,mithu
इकरामुद्दीन,ikramuddin
सुमंता,sumanlta
सतोश,satosh
चंद्रा,chandra
परत्युश,partyush
विदित,vidit
कुमोद,kumod
योगेन्द्र,yogendra
सुधंक,sudhank
जमीला,jamila
चैतन्य,chaitanya
सुखजवीर,sukjveer
मिल्का,milka
धन,dhan
कस्तूरी,kasturi
कामाक्षि,kamakshi
मीरा,meera
श्यामसुंदर,syamsunder
राजपूत,rajput
जसोदा,jasoda
रिंजू,rinju
छतर,chhatar
सुभद्र,subhdra
सेन,sen
पाका,paka
लीलू,lilu
रुब्बी,rubbi
गोरधन,gordhan
आलिस,alis
लीलावती,lilavati
नलिनि,nalini
हगामी,hagami
मजीद,majid
अमरनाथ,amarnath
जीरेन,jeeren
अनमोल,anamol
भ्रम,bhram
मसूम,masum
जयमाला,jaimala
ब्रह्मांडीय,cosmic
रक्षा,raksha
नमर्ता,namarta
उजीर,ujir
कुमारे,kumare
अजमल,ajmal
अलमीना,almina
लावली,lavali
विशाम,visham
शमा,shama
नरेंद्र,nrendr
शायरा,shayra
रेखाई,rekhai
पप्प,papp
श्रीनाथ,shrinath
मनीषा,manisha
बुद्ध,buddha
लक्ष्या,lakshya
योगराज,yograj
ओमप्रकेश,omprakesh
मोहम्मद,mohamad
रुबी,rubee
नजर,najar
जाल्मी,jalmi
अरुणिमा,arunima
श्राबणी,shrabani
निलेश,nilesh
छंटू,chhantu
रिहाना,rihana
दुरगा,duraga
विनोस,vinos
तुलशी,tulshi
लेखराम,lekhram
शोअन,shoan
सराईन,sarain
होंग्सी,hongsi
उदय,uday
नेत्रपाल,netrapal
बुध,budh
कृष्ण,kirshn
संतो,santo
सुनील,sunil
बसीरां,basiran
वनीश,vanish
उषा,usha
वशिष्ठ,vashisht
स्पर्श,sparsh
नूरपा,noorpa
दीपिका,dipika
गिरिशी,girishi
रेंचो,rencho
चंद्रकली,chanderkali
हेना,hena
वैलेंटीना,valentina
काजोल,kajol
नोनी,noni
आलुद्दीन,aluddin
बागड़ाई,bagdai
अब्दुल्लाह,abdullah
शिधार्थ,shidharth
रसीदा,rasida
मौसम,mousam
उत्सव,utsav
देवशीः,devasheeh
दीपांति,deepanti
हरिंदर,harinder
कनिस्क,kanisk
बरखा,brkha
पुन्नी,punni
यधो,yadho
नाहिदा,nahida
यशोदा,yashoda
साहिल,saahil
निभा,nibha
नवीजा,naveeja
पियर,pear
लक्ष्मी,lakhsmi
फ्रेडी,freddy
टिक्कु,tikku
गुलजान,guljan
अवनित,avnit
श्रीकांत,srikant
दलपत,dalpat
गुलश्तब,gulshtab
सुलेमान,suleman
जगन,jagan
कामरीन,kamreen
रीखा,reekha
मोह,moh0
दुर्गाबाई,durgabai
मुस्कान,muskarn
हनी,honey
सादिक,sadiq
सोहैल,sohail
आश्मान,ashman
अभिराज,abhiraj
ताजरानी,tajrani
सचिन,schin
मदीना,madina
सुनैना,sunaina
रेवाक्षी,revakshi
साहिदा,sahida
रबप्रीत,rabpreet
बदन,badan
सुल्ताना,sultana
ललिया,laliya
मोहम्मद,mohhmad
झाकर,jhakar
वासिम,vasim
जोधी,jodhi
सब्बाब,sabbab
पिस्ता,pista
देव,dev
बेबी,beby
साइना,saina
अकाश,akassh
राजु,raju
ओमप्रकाश,omprakash
अजीम,ajim
इसिका,isika
रामकली,ramkali
सुभोध,subhodh
मोतीलाल,motilaal
रविंद,ravinda
गुलाम,gulam
मूली,mooli
शाहरुख़,sharukh
किरोदिमल,kirodimal
नीलोफ़र,nilofar
भारती,bharti
बलबीर,balbir
मालचंद,malchand
दिशांत,dishant
श्री,shri
सद्धाम,saddham
भजनदीप,bhajandeep
सुभापाल,subhapal
कृष्ण,krishan
इरफान,irfan
कर्मबीर,karmbir
सिम्पी,simpi
संज्ञा,sanjna
ज्योति,jyoti
मोकिडा,mokida
बिस्हना,bishana
शब्रीन,shabreen
द्रोप्ती,dropti
धनसिंहपुरी,dhansinghpuri
मूलचुल,moolchul
कांतिल,kantil
मोनी,monny
उज्ज्वल,ujjwal
लेकोस,lekose
शालिनी,shalini
अक्षय,akshay
मुकुंद,mukund
शाह,shah
तुफेल,tufel
गीता,gita
खिमानंद,khimanand
मुक़्तार,muqhtar
रहिसुद्दीन,rahisuddin
धोली,dholi
अंत,anta
दिलशाना,dilshana
रादेश्यम,radesyam
उज्जैनी,ujjaini
नविया,naviya
पुष्पेंद्र,puspender
संज्य,sanjya
शमशाद,shamshad
मोईन,moin
राम,ram
अंशिका,anshika
संदीप,sandeep
तालिब,talib
दीपांसु,dipansu
नदिया,nadiya
शी,shi
हरमित,harmit
पूर्णिमा,purnima
करिश्मा,karishma
रणु,ranu
सद्दाम,saddam
विनीता,vineta
सुसंत,susant
सरमिला,sarmila
दुष्यंत,dushyant
सुमित,sumit
रितुराज,rituraj
रुकसार,ruksar
साकिब,sakib
दुर्गानंद,durganand
सुगन्ध,sugandb
साहनारा,sahnara
मुंदर,munder
सतबार,satbar
विजयंता,vijayanta
सेलर्स,selars
जाकिर,jaquir
हिमांसी,himansi
सुश्री,sushree
शाहरुफ,shahruf
जमना,jamna
जग,jag
अंजना,anjna
पिरोज,piroj
संतोषी,santoshi
परसुराम,parsuram
नरेश,naresh
दिलशादी,dilshadi
वैभव,vaibahv
सागिरान,sagiran
नानाग्राम,nanagram
एमएचओ,mho
सोन,son
अंगदा,angda
जुल्फी,julfi
खुशबू,khshbu
श्रृष्टि,shrishti
सुसन,susan
दिला,dila
समीक्षा,sameeksha
अंकज,ankaj
बुलेट,bulet
सुगोध,sugodh
ललुथा,lalutha
तुषार,tushar
गुलशन,gulshan
सृहीरम,srheeram
अरसी,arsi
सत्य,satya
चुन्नी,chunni
पर्तिभा,partibha
ओजस्वी,ojaswi
धर्म,dhram
किंशुक,kinshuk
नानकू,nanku
रामचंद्र,ramchandr
जावड़े,javade
मुनिश,munish
रुक्षान,rukshan
चंदाबाई,chandabai
लतीफ,lateef
रण्णी,ranni
बिल्किस,bilkis
रानीपाल,ranipal
अग्रेज,agrej
मोतीलाल,motilal
संजोगता,sanjogta
निपुण,nipun
आरिफ,aarif
लालन,lalan
कमलकिशोर,kamalkishore
सविती,saviti
अंजना,anjana
रघुबीर,raghubeer
नर्मदा,narmda
देवेश,devesh
प्रीति,preeti
येशपाल,yeshpal
दुर्गपाल,durgpal
सुरजमल,surajmal
शेला,shela
हरकेश,harkesh
गुड्डो,guddo
सतु,satu
मधुबाला,madhubala
भावना,bhavna
ध्रमपाल,dhrampal
ओवैश,ovaish
रेश्मा,reshma
बानू,banu
मित्तोपुरी,mittopuri
इब्राहम,ibraham
फरन,faran
निथ्यानंधम,nithyanandham
आद्या,aadya
मुन्नी,munny
हर,har
यामिनी,yamini
विमला,vimala
कचन,kachan
जमादार,jamadar
हनीश,hanish
नरेंदर,narendar
पनमति,panmati
कोसलेया,kosaleya
पेमाराम,pemaram
दबू,dabu
मुबारिक,mubarik
फ़ैज़िना,faijina
सुश्री,sushri
रिंके,rinke
सवेता,saveta
महिन्द्र,mahindra
हेमुना,hemuna
किरण,kiran
वसु,vasu
बजरंग,bajrang
धर्मवीर,dharamveer
तन्मय,tanmay
लक्ष,laksh
पेरा,pera
रामोतार,ramotar
डालर,daler
पापा,papa
शिवाजी,shivaji
खंगारा,khangara
मथुरा,mathura
शिव,shiv
प्रमजीत,pramjeet
नर्मदा,narbada
संगीता,sngeeta
ललिता,lalita
धर्मा,dharma
संजीवन,sanjeevan
गीतिका,gitika
विर्जिनिया,virjiniya
लिलाराम,lilaram
भाहादुर,bhahadur
शांति,shanty
नरूराम,naruram
अख्लिश,akhlish
यूसफ,yusaf
सूरजपाल,surajpal
अनुराधा,anuradha
मुख्त्यार,mukhtyar
केहकाशा,kehkasha
बिलाल,bilal
भोजराम,bhojaram
सुधीर,sudhir
ह्यातुन,hyatun
अरुनकुमार,arunkumar
भूधी,bhudhi
शाधना,shadhana
बिरोनिका,bironica
बग्गूसिंह,baggusingh
ललितेंद्र,lalitendra
रूपाली,roopali
आधिश,adhish
रूपेश,rupesh
फ़लक,falaq
सन्ना,sanna
सहदेव,sahadeb
मणिमेगला,manimegla
झुमकी,jhumki
साब्रिना,sabrina
होती,hoti
श्यामवती,shyamvati
समीम,sameem
जीत,jeet
दौलत,doulat
कलावती,kalavati
भगवान,bhagvaan
अल्लाउद्दीन,allauddin
नवेन्द्र,navendra
गुलिस्ता,gulista
शारिनिमले,sharinimle
रामा,rama
गुलेस्ता,gulesta
भोलाराम,bholaram
साहरुख,sahrukh
भुंडकी,bhundki
भजन,bhajan
रामवीर,ramveer
सेदारथ,sedarath
नायर,nair
रान,ran
रामबीरी,rambiri
विपोल,vipol
शिफाली,shifali
उम्मा,umma
मिथिलेश,mithilesh
सानिया,saaniya
नीशा,neesha
सुखमणि,sukmani
आतिश,atish
देवीलाल,devilal
लखन,lakhan
आसिफ,asif
सुधामा,sudhama
दीपीका,dipeeka
इर्फ़ान,irphan
हरिशंचंद्र,harishchandr
वीरी,veeri
गूपी,goopi
दिम्पु,dimpu
नगेंद्र,nagendra
आद्रिका,aadrika
इंडल,indal
मीनाक्षी,minakshi
नीलजन,neelajan
मारियम,mariyam
सखिचंदर,sakhichander
मोनिनी,monini
टेक,tek
शानाह,shanah
गुरुप्रीत,gurprit
सब्बो,sabbo
शिस्पाल,shispal
सोनल,sonal
जय,jai
परो,paro
मामू,mamu
समाइली,samaiali
तिल्क,tilk
भाग्य,bhagya
जंग,jang
धनराज,dhanraj
मुली,muli
पंगिता,pangita
संगीना,sangeena
इफ्तेश्याम,ifteshyam
हरवंस,harvans
कृष्का,krishka
देवांश,devansh
वकीला,vakila
भ्रकट,bhrkat
अमी,amie
कालूराम,kaluram
मकबूल,makbul
रूपक,rupak
धर्मप्ला,dhrampla
बिरेन्द्र,birender
वर्षा,varsha
शल्लू,shallu
मगत,magat
अलबीना,albina
विक्रम,vikaram
साइमा,saima
मंगी,mangi
शबनम,shabnam
बिनानी,binani
धनु,dhanu
जैन,jain
राजीत,rajit
त्रिबवन,tribavan
भर्मा,bharma
ज़ैना,zaina
मूल,mool
जगजीत,jagjeet
सन्नो,sanno
रामकुमार,ramkumar
अनयथा,anayatha
अनाजी,anaji
पूजा,puja
कुशंवीर,kushamvir
परमवीर,paramveer
नेना,nena
बिसन,bishun
सूना,soona
फाहिरा,fahira
सोही,sohi
बीरपाल,birpal
इंदरवेश,indervesh
अंजुम,anjum
दीप,deep
मुंकड़,munkad
तब्बसुम,tabbasum
रेस्मी,resmi
संतोष,sntosh
मंसा,mansa
शबीर,shabir
मान,maan
ईश्मिता,ishmita
सुक्खू,sukkhu
दीक्षांत,dikshant
नन्शी,nanshi
भारखा,bharkha
जमाल,jamaal
प्रशांत,prashant
ओन,one
लालधारी,laldhari
पोमा,poma
मामानबाई,mamanbai
मुमताज,mumtaj
लाखू,lakhu
कालूसिंह,kalusingh
दुमानी,dumani
सरफराज,sarfaraj
मनसवी,mansavi
इस्तिकार,istikar
जूनल,junl
मंगट,mangat
वेलाराम,velaram
देपाली,depali
भूषण,bhushan
मिलाप,milap
श्रीमती,shreemati
आशिक़,ashiqu
ज्ञात्री,gyatri
जॉयसी,joycee
फतेह,fateh
चिड्डू,chiddu
सुदामा,sudama
गेंदी,gendi
खुशी,khushi
सरदार,sardar
हिमांशी,himanshi
भोले,bhole
मंडन,mandan
सबीहा,sabeeha
कृति,kriti
धरमेंद्र,dhramender
फिरोज़ा,firoza
दुलाल,dulal
इकरामुद्दीन,ikramudeen
समरीन,samreen
बनिता,banita
प्रतिक्षा,pratiksha
चंद्रू,chandru
कामर,kamar
फूलकना,phulkana
ओमेंद्र,omendra
नीलू,nilu
यासोधा,yasodha
शब्बी,shabbi
शिखा,shikha
ईशराना,ishrana
चिंता,chinta
मधुव,madhava
राईयान,raeeyan
धनंजय,dhananjai
राजीव,rajiv
गुलफ़ारा,gulfara
एकमजीत,ekamjeet
इंडारा,indara
भंवर,bhanvar
गोल्डी,goldy
गुफरान,gufran
शशांक,shashank
सुभास,subhas
मूना,moona
अभिमनु,abhimanu
साकु,saku
राजेंद्र,rajendar
आयना,aayana
रूपेंद्र,rupendra
मिथेलश,mithelash
लिशा,lisha
सोरव,sorav
तारिफ,tarif
उग्म,ugma
प्रवीण,praveen
इकबाल,ikbal
कुंजन,kunjan
गिला,gila
गोबिंद,gobind
नेकी,neki
वीरेन्द्र,veerendra
वेदेही,vedehi
फ़रहाना,farhana
पम्मी,pammy
तिलक,tilak
शाहबूब,shahboob
नासिर,nasir
दीपांशी,dipanshi
गिरि,giri
अमरचंद,amarchand
शुलल,shulal
महलिक्का,mahlikka
मन्नू,mannu
मोंटी,monti
श्किल,shkil
सोनी,soni
मलकियत,malkiat
सोहिब,sohib
जस्सी,jassi
लका,laka
तनय,tanaya
अमृता,amrita
फ़ाल्गुनी,falguni
नूर,nur
लेओ,leo
उत्तम,utam
मनक,manak
जगदीश,jagdeesh
मिड्डा,midda
चंदिनी,chandini
ग्रुचरण,gruchran
साबिर,sabir
उन्नति,unnati
तीरथ,teerath
किम्मी,kimmi
पंछी,panchhi
रस्मि,rasmi
प्रिंका,prinka
सानू,sanu
कामनी,kamni
गंध,gandh
बिध्या,bidhya
मूलदान,mooldan
उदय,udai
तिशा,tisha
अरबाज,arbaj
पन्ना,panna
मुजफ्फर,mujaffar
साबिया,sabiya
विक्टर,victor
निशार,nishar
जहगीर,jahagir
गेमर,gamer
मेहराज,mehraj
रजनेश,rajnesh
रेन्नू,rennu
भात्री,bhatri
खेरूल,kherul
वेदप्रकाश,vedprakash
सुशमा,sushama
निशांत,nishant
शीक,sheak
निकाहत,nikahat
धनपति,dhanpati
अबिशेक,abishek
बोदुराम,boduram
जयदुर्गा,jaydurga
सुखबीर,sukhbir
लक्ष्मी,laxmi
बाजूलाल,bajulal
सत्यनारायण,satyanarayan
शमशुदीन,shamshudin
वेर्शा,versha
शीतल,sheetal
रूपांजलि,rupanjali
आश्मिन,ashmin
मिलन,milan
गुलाबसा,gulabsa
आरोही,aarohi
रोहान,rohaan
उपेन्द्र,upender
संचित,sanchit
मेहबूब,mehbob
कृष्णा,krishana
गट्टू,gattu
नौलख,naulakh
आमिन,aamin
मंगूबाई,mangubai
कामजीत,kamjeet
शिल्पा,shilpa
विप्लो,viplo
पिंकी,pinki
सबेनूर,sabenoor
अलिता,alita
नवीन,naveen
मूर्तिबाई,murtibai
बलचंद,balchand
गीतिका,geetika
अभिशिक,abhishik
जयमाता,jaimata
सुंदरी,sundari
अंसार,ansar
नीलम,neelam
बाली,bali
अमिता,amita
ओजश्वि,ojashvi
शाहरिश,shahrish
नरू,naroo
रचप्रीत,rachpreet
नताशा,ntasha
ईशारार,isharar
आनंदु,anandu
छीडू,chhidu
भूरालाल,bhuralal
कार्तिका,kartika
मोंटू,montu
अली,ali
मुजीबू,mujibu
बुधी,budhi
वत्सल,vatsal
मुक़त,mukat
सना,sana
रेश,rayish
विनायक,vinayak
शिवराज,shivraj
नाईम,naim
संकर,sankar
शैख,shaikh
राजरानी,rajrani
कुमारी,kumari
दल,dal
निसा,nisa
आरिफ,arif
बीराज,biraj
यूसुफ,yusuf
विनिता,vinita
आस्मिन,asmin
शफीबुल,shafibul
चंचल,chanchl
शारदा,sharda
वेसाली,vesali
रुखसना,rukhsna
खामचंद,khamchand
पूगा,pooga
मुकेश,mukkesh
प्रीतम,pritam
रामजनम,ramjanam
मर्सी,mercy
सीताराम,sitaram
कुणाल,kunal
बार्ज,barj
कपूर,kapoor
मोहित,mohit
सनोज,sanoj
छाबील,chhabeel
मुराद,murad
डलीमा,dalima
भाग,bhag
भगत,bhagat
ताजमहा,tajmaha
रहीशुद्दीन,rahishudeen
परुल,parul
आकिब,aakib
नामेन,namen
मीठी,mithi
दिवाकर,divakar
दलचंद,dalchand
प्रभीला,prabhila
सुवेद,suved
जयशिंग,jayshing
लाखी,lakhi
ब्रह्मप्रकाश,brahamprakash
हकीमुद्दीन,hakimuddin
किसोरी,kisori
आसी,asi
जसप्रीत,jaspreet
श्वनी,shvani
अहसान,ahsan
आस्मित,asmit
अमना,amna
मोध,modh
जाग्रिति,jagriti
काफिया,kafia
पुष्पेंद्र,puspendar
विजया,vijaya
मना,mana
शाईद,shaid
डॉली,doly
मनकुरी,mankuri
नेत्रा,netra
रामदेवी,ramdevi
जसवंत,jasvant
मनित,manit
आशीशी,ashishi
हर्षी,harshi
समय,samay
बच्चन,bachan
नन्नू,nannu
प्रकेश,prakesh
धनिया,dhaniya
मिली,mili
सुस्मता,susmata
नूरे,noore
समरिन,samrin
मामूना,mamuna
फैम,faim
डब्बू,dabbu
हिमांशु,himanshu
निकिता,nikita
सविता,"savita,"
रुबीना,rubeena
नूतन,nutan
नन्हे,nanhey
जगतार,jagtar
हरमन,harman
कल्पना,kalpna
बहादुर,bahadur
कनिका,kanika
साधना,sadhana
आशरफ,ashraf
सिधार्थ,sidhart
आनम,anam
फ़तेह,fateha
अखलाक,akhlaq
कमला,kamla
रश्मिता,rashmita
सालु,saalu
सत्यवती,satyavati
बब्बू,babbu
ओवैसी,owaisi
शरदानंद,shardanand
संजय,sanjai
मनोरमा,manorma
अभिशेख,abhishekh
सीबा,seeba
सबानाम,sabanam
देवेंद्र,devendr
गजला,gajla
इंजुम,injum
विपाशा,vipasha
सुचिता,suchita
राजो,rajo
विशेष,vishesh
पमजीत,pamjeet
पन्नू,pannu
आसमत,asmat
देवकी,devki
रामकांत,ramakant
अभिनंदन,abhinandan
राजू,"raju,"
मोनीश,monish
सुधांसु,sudhansu
नजिया,najiya
निरंजन,niranjan
चोटेलाल,chotelal
तव्वासुम,tavvasum
साईद,said
दामन,daman
मुदसय,mudsay
शितील,shiteel
वाशिस्त,vashisast
भानमति,bhanmati
केश्री,keshri
शाहवाज़,shahvaj
चमन,chaman
सिंता,sinta
महेगा,mhega
बद्री,badri
अवधेश,avdhesh
बीती,beeti
रिजकपाल,rijakpal
मोमिन,momin
आदित्यलोक,adityalok
प्रहलाद,parhalad
नारायणी,narayani
शेलेंद्र,shelendra
मणिकचंद,manikchand
सुस,sus
सपना,sapna
लवली,lovly
जमशेद,jamshed
खुशबू,khusbhoo
सद्दीक,saddiq
सुरजीत,surjeet
श्रीता,srita
समोन,samon
जुगल,jugal
हिमाल,himal
केसर,kesar
सगुफ्ता,sagufta
ओंकर,omkar
अमन,aman
कीर्ति,kirti
नईम,naeem
लियाकत,liyakat
चंद्रकला,chandrakala
नसीबा,naseeba
सुशांत,sushant
बाटलू,batloon
साइमुन,saimun
बलजिंदर,baljinder
सोमदथ,somdath
होशियारीलाल,hosiyarilal
अलिया,aliya
माली,mali
संजीत,sanjeet
शिश,shish
कुसो,kuso
निर्मल,nirmal
वाधी,vadhi
मजीदुनिशा,majidunisha
मोरकी,morki
राशि,rashi
मरियम,mariam
धोड़ी,dhodi
जाकिर,jakir
लामानी,lamani
सत्नोश,satnosh
पर्तिक,partik
प्रमोद,pramod
शंबू,shambu
चीनू,chinu
मुकराम,mukram
नसरुद्दीन,nasruddin
शोयब,shoyab
केसरी,kesri
हरारत,hararat
बेला,bela
शयमपुरी,shayampuri
बेगम,begum
शोरव,shorav
सुरिति,suriti
मनोज,mnoj
जिसान,jisan
रामिला,ramila
दुर्गाशंकर,durgashankar
मिस्री,misri
नूरअल्हा,nooralha
वेद,ved
मनभरी,manbhari
चुनी,chuni
शिल्पी,silpi
शिवालिका,shivalika
शरूना,sharuna
जयनारायण,jaynarayan
रेका,reka
शाइन,shine
शोअब,shoab
बड़ा,bada
अजरा,ajara
भातारी,bhatari
श्रीराम,shriram
साची,sachi
दीपांशी,deepanshi
जगदीप,jagdeep
इस्थार,isthar
मेघराज,megharaj
दाऊद,daaud
जोशी,joshi
कल्पेश,kalpesh
किश्मत,kishmat
साहबुद्दीन,sahbuddin
सत्रुदन,satrudan
कुर्बान,kurban
अयन,ayan
रिधाकरण,ridhakaran
मुन्ना,munna
धर्म,dharm
सवरीन,savreen
विद्या,vidya
ज्ञानेन्द्र,gyanender
इक़रा,iqra
तोषार,toshar
मुजीब,mujeeb
मौशिद,maushid
दुर्गाश,durgash
बलालिया,balalia
जसलीन,jaslin
गिलबहार,gilbahar
लक्की,lucki
पूजा,pooja
चंदनी,chandani
नरेशपाल,nareshpal
बिस्तो,bisto
नकचेद,nakched
प्रेमी,premi
लव,luv
सतेंद्र,satendra
सुख,sukh
रामसुरत,ramsurat
सुमंत,sumant
नरोतम,nrotam
पसंजीत,pasanjeet
गिरीश,girish
अंकला,ankala
शिरीष,shirish
टेकचंद,tekchand
लाखराज,lakhraj
देवराज,devraj
अवध,avadh
नीता,neeta
कुंडा,kunda
रामजी,ramji
तश्नीम,tashnim
शबिला,shabila
देवेंद्र,devendra
भारत,bharat
शीला,sheela
अबरार,abrar
शंकरी,shankri
रंजना,ranjana
सीतरा,sitra
विक्की,vickky
मुहम्मद,mahammd
रुकिया,rukiya
सुसंतो,susanto
रिचर्ड,richard
अंकेश,ankesh
अम्मर,ammar
वुदे,vude
राजेंद्री,rajenderi
संजीव,sanjiv
निमेश,nimesh
तीकम,teekam
कनिष्क,kanishk
गार्ग,garg
रजनी,rajani
माबिया,mabiya
निमला,nimla
नसीअर,nasiar
अनली,anli
वाघल,waghal
अनारकली,anarkali
त्रिलोक,trilok
रोसंजहाँ,rosanjahan
गुल,gul
पुष्कर,puskar
केएमलेस,kmles
बलकृष्ण,balkrishan
आलीशा,aleesha
गफूर,gaffur
सचदेवा,sachdeva
रणवीर,ranvir
करुणा,karuna
छामो,chhamo
विनोदा,vinoda
अंजरेज,anjrej
सिद्धार्थ,siddarth
महावीर,mahveer
कोनिका,konika
सबीर,sabeer
सुभोद,subhod
राजकुमार,rajkumar
वेध,vedh
रचनु,rachnu
संगीता,sangeta
नौलेश,naulesh
जयजयराम,jaijairam
अवतार,avtar
धर्मवीर,dharmvir
बिस्मिल्ला,bismilla
दिशा,disha
रंकी,ranki
सोर्भ,sorbh
रेणुका,renuka
लाल,lal
आशा,asha
पितार,pitar
परमूद,parmood
रूबी,rubi
कृपया,kripya
जमी,jamee
भूप,bhup
पीर,peer
आरती,aarti
भाव्य,bhavya
बाटुल,batul
जुनैद,junaid
बारती,barti
अनेखा,anekha
रिसाभ,risabh
इंदरजीत,inderjeet
सुंदीप,sundeep
याकूब,yaqub
बाबर,babar
जैस्मीन,jaismeen
अंजीव,anjeev
सुमालिया,sumalia
सतेंद्र,satender
मुश्कान,mushkan
कप्तान,kaptan
संती,santi
काव्या,kavya
हंशराज,hansraj
देनेश,denesh
कुश्मिता,kushmita
नीतू,neetu
रामदेव,ramdev
धर्मबीर,dharambir
मजनू,majnu
गुंगुन,gungun
अरुण्डिता,arundita
बुंडेल,bundel
जस्टिन,justin
प्रांजल,pranjal
अफरिना,afrina
रमेश,ramesha
बंसीलाल,bansilal
श्रीमती,smt
शीलू,sheelu
उजामा,ujama
प्रामल,pramal
जेनी,jenny
शाहिब,shahib
अजहार,ajahar
मोहम्मद,mohmmd
पार्वती,parvti
रंजनिका,ranjnika
दर्शना,darshana
खुर्शिदा,khurshida
माधुरी,maadhuri
रमेह,rameh
नसरुल,nasrul
विरपाल,virpal
परमजीत,paramjeet
ऐडिट्या,aidtya
शशिकांत,shashikant
शादाब,shadab
अशोक,ashok
हेमंत,hemant
त्रिवेणी,triveni
माइगो,maigo
मंजेश,manjesh
इंकू,inkoo
सब्बार,sabbar
केबेटा,kbeta
आसना,asana
साहनी,sahni
सोमप्रकाश,somprakash
शादिक,shadik
पदमा,padama
नूजो,noojo
रमेश,ramesh
उद्मै,udmai
नवजूत,navjoot
जयबीर,jaibir
बृजमोहन,brijmohan
रसील,raseel
नोसाद,nosad
मंताशा,mantasha
बीरगेश,birgesh
अखीलेश,akheelesh
नीशु,neeshu
परभु,parbhu
विरेन्द्र,virender
नजमीन,najmin
नाथूराम,nathuram
वासुदेव,vashudev
मुस्मि,musmi
सतवीर,satveer
कोकिला,kokila
नेहारिका,neharika
शाहिरा,shahera
जानकी,janki
ओंकारेस्वर,omkareswar
तैयब,taiyab
आदिसन,adisan
अहमद,ahamad
कौचू,kouchu
जट,jat
नानक,nanak
स्मर्ति,smarti
हरजीत,harjeet
पारश,parash
प्रविंद्र,pravindra
हमेंट,hament
नाना,nana
गुलशना,gulshana
सोनकी,sonaki
शमशेर,shamsher
क्रशना,krashana
आतिर,aatir
बाबन,baban
सोम,soam
रामवती,ramvati
ज़फ़र,zafar
तुका,tuka
केशांति,keshanti
मनुवर,manuvar
प्रीती,preety
मिनू,minu
आलम,alam
तस्मीना,tasmina
नवनीत,navnit
नूरा,noora
विह्सल,vihsal
सोहनलाल,sohanlal
तोकीर,toquir
ओमप्रकेश,omprkesh
मोहनराम,mohanram
चारण,charan
रामनाथ,ramnath
गौरी,gauri
जेंडर,gjender
जुना,juna
ईश्वर,ishwar
सुंदर,sundar
अभि,abhi
लवतार,lavtar
बच्छा,bachcha
म्नयक,mnyak
खुर्शीद,khursheed
चितप्रीत,chitprit
तप्स्या,tapsya
ईशान,eshaan
परीन,pareen
हजरती,hajrati
विमला,vimla
ओमपरकाश,omparkash
गुड्डी,guddi
हरप्रीत,harprit
गोतम,gotam
महफूज,mahfuj
बाबराम,babram
सुजेन,sujen
साहरिक,sahrik
एकता,ekata
आश्लाम,ashlam
शुमिता,shumita
सुक्षाणा,sukshana
रुध्रा,rudhra
परमोध,parmodh
इलेश,ilesh
जोट,jot
सोमपाल,sompal
शेफाली,shefali
इंदिरा,indira
वालिया,walia
बैचन,baichan
गोल्लू,gollu
पंचू,panchoo
उत्पन,utpana
बोहती,bohati
जिन्सी,jincy
सपना,spna
जुबेद,jubed
प्रसंत,prsant
सरदा,sarda
विक्रांत,vikrant
बीरबल,birbal
हर्षमीत,harshmeet
हरबंश,harbansh
बंतू,bantu
जोयती,joyti
जनम,janam
रामकिआशन,ramkiashan
बिशेष,bishesh
सब्बीर,sabbir
शांति,shanti
उत्कर्ष,utkarsh
रूबल,rubal
घनश्याम,ghanshayam
पम्पा,pampa
कामरुद्दीन,kamruddin
नरबीर,narbir
दीपांसु,deepansu
रति,rati
सुगंति,suganti
माधव,madhav
सबाना,sabana
मनभरबाई,manbharbai
सौनी,sauni
जगनाथ,jagnath
कुमारागे,kumarage
किशोर,kishor
सुचित,suchit
जरीफ,jarif
आन्या,aanya
बजाज,bajaj
नागाजी,nagaji
शकुंतला,shakuntla
रीता,rita
हिमाशु,himashu
अनिकेत,aniket
सामिना,samina
मीनाक्षी,meenakshi
पंचमा,panchma
सुमा,suma
शाधना,shadhna
कांता,kanta
क्लू,klu
करनवीर,karanveer
ज़ारा,zara
शिवानी,sivani
शैल,shail
आसिया,asiya
लवकुश,lavkush
आकाश्य,akashya
प्रमोद,prmod
आशाद,ashad
चतुर्भुज,chaturbhuj
रिया,riya
कर्नेश,karnesh
उमाकान्त,umakant
बाबी,babbi
आलिया,aaliya
एशा,esha
नंकेश,nankesh
निसार,nisar
नजरीन,najrin
यासीन,yasin
आरुषी,aarushi
प्रेते,prete
सजीद,sajid
रामदत्त,ramdutt
साइस्टा,saista
आफ्ताब,aaftaab
ज्ञान,gyaan
लव,love
नेक,nek
पूनिया,punia
सीतल,sital
गगन,gagan
शिल्पा,silpa
राजपुत्र,rajputra
डोलो,dolo
प्यारी,pyari
रामदास,ramdas
साहिल,sahil
लाविश,lavish
छोटी,chhoti
जैश्मिन,jaishmin
पुष्पा,pushpa
सुजान,sujan
दिबाकर,dibakar
बिर्था,birtha
सुशील,sushil
शालेन्द्र,shalender
प्फोला,pphola
प्रभजीत,prabhjit
कलशी,kalashi
शादना,shadna
दीपचंद,deepchand
ईशान्वि,ishanvi
शवनी,shavani
सुनीता,sunita
देवीक,devik
एकता,ekta
आशाराम,asharam
ताजुद्दीन,tajuddin
कल्पना,kalpana
कांचन,kanchn
रिषभ,rishab
जमरुजहा,jamrujaha
इंद्रवती,indrvati
पिंटू,pintu
रूबिया,rubiya
कादु,kadu
लुकमान,lukman
रूबो,rubo
मोहनी,mohni
चंद्रशेखर,chandrashekhar
विपिन,vipin
सचदेव,sachdev
शानी,shani
नंदकिशोर,nandkishore
इल्मा,ilma
प्रेति,preti
गुरविंदर,gurvinder
बृजनंदन,brijnandan
दत्ता,dutta
मोहिनी,mohini
हमीम,hamim
बसंती,basanti
सुनीथा,sunitha
संतराम,santram
नवलीन,navleen
स्कुनतला,skunatla
हनीफ,haneef
तिलकराज,tilakraj
जीते,jeete
किस्मत,kismat
फन्नी,fanni
अजीमा,ajima
इशान,ishan
महासिंह,mahasingh
धर्मशीला,dharmshila
प्राणवि,pranavi
छब्बी,chhabi
सहगुफ्ता,sahgufta
गुनानिधि,gunanidhi
रुक्सीन,ruksin
हरभजन,harbhajan
सितारे,sitare
सुरेंद्र,surendera
गुड़िया,gudia
हरप्रसाद,harprasad
मुख्तियार,mukhtiyar
फूल,phul
अन्नीलाल,annielal
गंभीर,gambhir
हरिशंकर,harishankar
एवन,evan
शुशीला,shushila
निपम,nipam
गौतमि,gautami
आराधना,araddhna
अंसल,ansal
गंगो,gango
हुसैन,hussain
द्रुगा,druga
नजराना,najarana
माधो,madho
लिवेरी,liveri
विजेन्द्र,vijendar
हेमलता,hemlata
बिंदर,binder
विश्वनाथ,vishvanath
केतन,ketan
जबीर,jabir
अमीरुल,amirul
जॉय,joy
कामना,kamna
सायरा,sayara
नादिनी,nadini
एमजेडआई,mjudi
विदुषि,vidushi
रिशु,rishu
रियाजुल,riyajul
हुकुम,hukum
भूपसिंह,bhoopsingh
नगेन्दर,nagender
हेतल,hetal
अमरजीत,amarjeet
बार्जेश,barjesh
महजबी,mahjabi
पंचु,pancu
अंकीत,ankeet
बिराम,biram
टिंकू,tinku
रणवीर,ranveer
संजू,sanju
जसीराम,jasiram
सुमेंत्रा,sumemtra
मंडा,manda
राजकारंत,rajkarnta
मारियम,marium
आनंद,aanad
मनाली,manali
स्पना,spana
मेर्री,merry
रूपम,roopam
श्रीपाल,shripal
अजित,ajit
अनिष्का,anishkaa
सुजल,sujal
आजाद,aajad
गुंजा,gunja
जेटेंडर,jetender
नहानी,nahani
रामपयारी,rampayari
सुक्का,sukka
मुस्तकीम,mustkeem
आसमा,asma
वसीम,waseem
हाजी,haji
दिपाली,dipali
सम्सुद्दीन,samsuddin
मेघनाथ,meghanath
सेमा,sema
मोहसीना,mohseena
छोटी,choti
शाहिदा,shahida
भगवती,bhagvati
शावित्री,shavitri
हेमानी,hemani
वकेश,vakesh
जफरिन,jafrin
सुकुल,sukul
किशनाराम,kishnaram
राजकुमारी,rajkumari
जैसिघ,jaisigh
जैतून,jaitun
सिमिलता,similata
श्रीमान,shriman
हेमलत,hemlat
कस्तूरी,kastoori
दिव्यांश,divyansh
साकेत,saket
तनिश,tanish
कौशर,kaushar
आयुषी,ayushi
मनीरा,manira
सभना,sabhana
महाजन,mahajan
अलहबसरी,alahbasri
सोदन,sodan
धरमा,dhrama
आशक,ashak
तनुजा,tanuja
चोप्र,chopra
राजिन्दर,rajinder
विनित,vinit
रफ़ी,rafi
आरती,arati
बुधन,budhan
माही,mahi
शमीना,shamina
अप्सना,apsana
मुस्रा,musra
नाफे,nafe
शशिबाला,shashibala
शाकुंतला,shqakuntla
लीना,leena
सैमसंग,samsung
चंदा,chnada
शैलेंद्र,shailender
वाडेकर,wadekar
हीरालाल,heeralal
नेराज,neraj
कासिम,kasim
सेवा,seva
मयूरी,mayuri
ताहसीन,tahseen
बेनू,benu
लवली,lovely
बबली,babli
भगाएं,bhagay
विर,vira
तौहीद,tohid
कुम,kum
अमीन,amin
बलराम,balaram
मनीषा,maneesha
नरगिश,nargish
अनिल,anil
घुरुल,ghurul
गोपेश,gopesh
अकीब,akib
कसुम्बी,kasumbi
सोनम,sonam
छाया,chaya
भास्कर,bhasker
जयराम,jairam
मौसीन,mousin
रेश्मी,reshmi
सलमा,salma
लीला,leela
बिर्जेश,birjesh
अर्चना,archna
रामफेर,rampher
बदरुद्दीन,badrudeen
आराध्या,aradhya
अदनान,adnan
रामकिश,ramkish
उजाम्मा,ujamma
मेनपाल,menpal
कश्मीर,kashmir
अबीदा,abida
मोमिता,momita
रिषभ,rishabh
भूमि,bhoomi
एलटीए,lta
सुनील,suneel
प्रियांसी,priyansi
आबिद,aabid
विभूति,vibhuti
दिनेश,dinesh
गुलदस्ता,guldasta
पवनेश,pavnesh
भूमिका,bhumika
रुकसना,ruksana
रहीमुन,rahimun
नसीमा,nasima
जोश्ना,joshna
बिश्नु,bishnu
अमिताभ,amitabh
दक्ष्य,dakshya
सारह,sarah
राधेयश्याम,radheyshyam
मनभर,manbhar
मोहनलाल,mohanlal
जोगिंदर,joginder
अलहमदी,alhamdi
सवरीन,savrin
खुशनुदी,khushnudi
सादब,sadab
मकान,makan
अनमोल,anmol
सिराज,siraj
तेज,tej
सुखप्रीत,sukhpreeet
श्लेंडर,shlender
आविद,avid
भूद,bhud
वितन,vitan
पावी,pavi
सम्मान,samman
भादुर,bhadur
खुम्लो,khumlo
लाडली,ladli
सुधा,sudha
साहजाद,sahjad
मोनूपाल,monupal
रोसी,rosy
भागीरथ,bhagirath
राईसुद्दीन,raisuddin
सोमा,soma
चंदेरबाल,chanderbal
रोशनी,roshani
यशबीर,yashbir
शैफली,shaifali
गरिमा,garima
भुली,bhuli
भाड़ाल,bhaddal
सक्चम,sakcham
शंकर,shankar
अविनास,avinas
कबीद,kabid
शबुद्दीन,shabuddin
सकुंतला,sakuntla
कोईलू,koilu